time_months_after_landmark,cumulative_baseline_hazard_reference,baseline_survival_reference
0.0020123203285421316,0,1
0.0034702258726900504,0,1
0.03646817248460004,0,1
0.13624229979466101,1.3794420983458987e-4,0.9998620653040304
0.1605338809034904,2.759407343514904e-4,0.9997240973337913
0.2020944558521562,2.759407343514904e-4,0.9997240973337913
0.290718685831622,2.759407343514904e-4,0.9997240973337913
0.2933880903490762,4.1400433674434935e-4,0.9995860813512256
0.2948254620123202,4.1400433674434935e-4,0.9995860813512256
0.29624229979466116,5.521758865557572e-4,0.9994479765344934
0.30053388090349104,6.904309105096495e-4,0.9993098073820668
0.33059548254620125,8.286952424085868e-4,0.9991716480306644
0.3962422997946608,8.286952424085868e-4,0.9991716480306644
0.42624229979466105,8.286952424085868e-4,0.9991716480306644
0.49624229979466133,9.670755283393693e-4,0.9990333919384954
0.5262422997946616,9.670755283393693e-4,0.9990333919384954
0.5597741273100609,9.670755283393693e-4,0.9990333919384954
0.5634496919917866,0.0011055962031134665,0.9988950147431946
0.6920739219712525,0.0011055962031134665,0.9988950147431946
0.7205338809034909,0.0011055962031134665,0.9988950147431946
0.7533880903490762,0.0011055962031134665,0.9988950147431946
0.7562422997946611,0.0011055962031134665,0.9988950147431946
0.7862422997946614,0.0012443873763426645,0.9987563865525728
0.8205338809034906,0.0013832832318501943,0.9986176730634063
0.8219712525667355,0.0015222377121665218,0.9984789203039932
0.8828131416837788,0.0015222377121665218,0.9984789203039932
0.8891170431211499,0.0016612766960684598,0.9983401024602362
0.9562422997946614,0.001800359419577293,0.9982012602552978
1.0191581108829568,0.001800359419577293,0.9982012602552978
1.0193634496919923,0.001800359419577293,0.9982012602552978
1.021047227926078,0.001800359419577293,0.9982012602552978
1.0233880903490757,0.0019396140462179514,0.9980622657895245
1.1462422997946609,0.0022185791923727974,0.9977838800354435
1.1848254620123209,0.0022185791923727974,0.9977838800354435
1.21205338809035,0.0022185791923727974,0.9977838800354435
1.2195071868583154,0.0022185791923727974,0.9977838800354435
1.2462422997946614,0.002358186526832121,0.9976445918106405
1.346242299794661,0.002358186526832121,0.9976445918106405
1.4134496919917872,0.0024978933508887947,0.9975052237887398
1.4162422997946613,0.0026377831334144955,0.9973656927596259
1.5434496919917862,0.0026377831334144955,0.9973656927596259
1.5462422997946612,0.0027777222150942595,0.9972261320857063
1.6133880903490756,0.0027777222150942595,0.9972261320857063
1.7762422997946616,0.0029177537919269038,0.9970864987147403
1.8362422997946612,0.0029177537919269038,0.9970864987147403
1.840554414784395,0.0029177537919269038,0.9970864987147403
1.9735523613963037,0.0029177537919269038,0.9970864987147403
2.0405338809034905,0.003057950502235666,0.9969467202661955
2.0662422997946615,0.003057950502235666,0.9969467202661955
2.166242299794661,0.003057950502235666,0.9969467202661955
2.1997535934291577,0.003057950502235666,0.9969467202661955
2.2662422997946607,0.003198352199872312,0.9968067570799812
2.2948254620123203,0.003198352199872312,0.9968067570799812
2.296242299794662,0.0033388278697637137,0.9966667398177678
2.296344969199178,0.0033388278697637137,0.9966667398177678
2.3276796714579056,0.003479415750340671,0.9965266304022489
2.336242299794661,0.003479415750340671,0.9965266304022489
2.3962422997946615,0.003479415750340671,0.9965266304022489
2.426242299794661,0.003479415750340671,0.9965266304022489
2.4919712525667355,0.003479415750340671,0.9965266304022489
2.525256673511294,0.003620101405300075,0.9963864432619574
2.5662422997946615,0.003620101405300075,0.9963864432619574
2.596242299794661,0.0037608826851217047,0.9962461805766898
2.62624229979466,0.0037608826851217047,0.9962461805766898
2.6299178644763868,0.0037608826851217047,0.9962461805766898
2.823880903490759,0.0037608826851217047,0.9962461805766898
2.853429158110883,0.0037608826851217047,0.9962461805766898
2.8535318275154005,0.0037608826851217047,0.9962461805766898
2.8619917864476387,0.0037608826851217047,0.9962461805766898
2.8950102669404516,0.0037608826851217047,0.9962461805766898
2.8950513347022593,0.0037608826851217047,0.9962461805766898
2.926242299794661,0.0037608826851217047,0.9962461805766898
2.9862422997946614,0.0037608826851217047,0.9962461805766898
3.0262422997946605,0.0037608826851217047,0.9962461805766898
3.086242299794661,0.003902242674503671,0.9961053611805303
3.12347022587269,0.003902242674503671,0.9961053611805303
3.1576796714579056,0.003902242674503671,0.9961053611805303
3.1862422997946607,0.003902242674503671,0.9961053611805303
3.1906776180698144,0.003902242674503671,0.9961053611805303
3.2873305954825467,0.004043909871030324,0.9959642557218101
3.4119917864476395,0.004043909871030324,0.9959642557218101
3.4153798767967145,0.004043909871030324,0.9959642557218101
3.48482546201232,0.004043909871030324,0.9959642557218101
3.5121355236139626,0.004043909871030324,0.9959642557218101
3.5162422997946607,0.004043909871030324,0.9959642557218101
3.547679671457906,0.004043909871030324,0.9959642557218101
3.5762422997946612,0.004043909871030324,0.9959642557218101
3.615913757700207,0.004043909871030324,0.9959642557218101
3.6455236139630407,0.004043909871030324,0.9959642557218101
3.6462422997946615,0.004186026538158835,0.9958227226585497
3.676242299794661,0.004328180186255649,0.9956811728868126
3.716262833675564,0.004328180186255649,0.9956811728868126
3.7763449691991786,0.004328180186255649,0.9956811728868126
3.7819917864476387,0.004328180186255649,0.9956811728868126
3.807535934291582,0.004328180186255649,0.9956811728868126
3.8464271047227925,0.004328180186255649,0.9956811728868126
3.9048665297741274,0.004328180186255649,0.9956811728868126
3.9062422997946613,0.004470503538591812,0.9955394742881783
3.9077823408624233,0.004470503538591812,0.9955394742881783
3.9450718685831623,0.004470503538591812,0.9955394742881783
3.9462422997946605,0.004470503538591812,0.9955394742881783
3.9765297741273096,0.004470503538591812,0.9955394742881783
4.006242299794661,0.004470503538591812,0.9955394742881783
4.009240246406571,0.004470503538591812,0.9955394742881783
4.036242299794661,0.004613046596283008,0.9953975771609265
4.03917864476386,0.004613046596283008,0.9953975771609265
4.106488706365503,0.004613046596283008,0.9953975771609265
4.109117043121151,0.004613046596283008,0.9953975771609265
4.136242299794662,0.004755701514316756,0.9952555889290461
4.176242299794661,0.004898375573901161,0.9951136019030231
4.205687885010267,0.004898375573901161,0.9951136019030231
4.206242299794661,0.004898375573901161,0.9951136019030231
4.266242299794661,0.004898375573901161,0.9951136019030231
4.271991786447638,0.004898375573901161,0.9951136019030231
4.339117043121149,0.004898375573901161,0.9951136019030231
4.367679671457906,0.004898375573901161,0.9951136019030231
4.39911704312115,0.004898375573901161,0.9951136019030231
4.406242299794662,0.004898375573901161,0.9951136019030231
4.436242299794661,0.00504135697300112,0.9949713293393672
4.4719712525667354,0.00504135697300112,0.9949713293393672
4.496242299794662,0.005184465579219569,0.9948289505672548
4.56482546201232,0.005184465579219569,0.9948289505672548
4.596242299794661,0.005184465579219569,0.9948289505672548
4.601232032854208,0.005184465579219569,0.9948289505672548
4.6294045174538,0.005184465579219569,0.9948289505672548
4.696242299794661,0.005184465579219569,0.9948289505672548
4.726242299794662,0.005184465579219569,0.9948289505672548
4.759178644763861,0.005184465579219569,0.9948289505672548
4.759383983572895,0.005184465579219569,0.9948289505672548
4.766242299794661,0.005184465579219569,0.9948289505672548
4.793655030800822,0.005184465579219569,0.9948289505672548
4.826242299794662,0.005184465579219569,0.9948289505672548
4.893511293634497,0.005184465579219569,0.9948289505672548
4.896242299794662,0.005327932299453321,0.9946862359581666
4.899137577002054,0.0054714707374645165,0.9945434704959568
4.92829568788501,0.0054714707374645165,0.9945434704959568
4.965071868583162,0.0054714707374645165,0.9945434704959568
4.990533880903492,0.0054714707374645165,0.9945434704959568
4.996714579055441,0.0054714707374645165,0.9945434704959568
5.026242299794661,0.005615212006358189,0.9944005238294515
5.056242299794662,0.005615212006358189,0.9944005238294515
5.0576796714579055,0.005615212006358189,0.9944005238294515
5.093388090349075,0.0057590791381143735,0.9942574725687053
5.096262833675565,0.0057590791381143735,0.9942574725687053
5.096406570841888,0.0057590791381143735,0.9942574725687053
5.123388090349076,0.0057590791381143735,0.9942574725687053
5.126242299794661,0.0059031795429171086,0.994114209986776
5.153634496919917,0.006047288251588107,0.9939709597937514
5.190533880903491,0.006047288251588107,0.9939709597937514
5.2219712525667354,0.006047288251588107,0.9939709597937514
5.2262833675564675,0.006047288251588107,0.9939709597937514
5.286242299794661,0.006191622716006687,0.9938275058805428
5.29340862422998,0.006336161239315255,0.9936838699011357
5.320574948665297,0.006480764524029256,0.9935401903380994
5.326242299794662,0.006625406648459712,0.993396492966859
5.3519712525667344,0.006625406648459712,0.993396492966859
5.356242299794661,0.006625406648459712,0.993396492966859
5.358952772073921,0.0067701553222309354,0.9932527105483812
5.383675564681726,0.0067701553222309354,0.9932527105483812
5.392032854209446,0.006914957426782679,0.9931088958781268
5.417679671457905,0.007059789583136481,0.9929650721906415
5.456242299794661,0.007059789583136481,0.9929650721906415
5.481971252566735,0.007204776012202416,0.9928211161667244
5.520698151950718,0.0073497755649493315,0.9926771679853857
5.554866529774128,0.007494782110052191,0.9925332337348101
5.5862422997946615,0.007494782110052191,0.9925332337348101
5.614825462012321,0.007494782110052191,0.9925332337348101
5.614989733059549,0.007494782110052191,0.9925332337348101
5.619158110882957,0.007494782110052191,0.9925332337348101
5.653511293634497,0.007494782110052191,0.9925332337348101
5.814866529774128,0.0076400544209554826,0.9923890566110226
5.816242299794662,0.0076400544209554826,0.9923890566110226
5.819383983572895,0.007785403501215068,0.9922448242566585
5.8524435318275145,0.007785403501215068,0.9922448242566585
5.876242299794661,0.007930779473771535,0.9921005861849471
5.877679671457906,0.007930779473771535,0.9921005861849471
5.910800821355237,0.007930779473771535,0.9921005861849471
5.9162422997946615,0.008076376531192071,0.9919561497739467
5.946242299794661,0.008076376531192071,0.9919561497739467
6.010718685831622,0.008076376531192071,0.9919561497739467
6.016242299794661,0.008076376531192071,0.9919561497739467
6.046242299794662,0.008076376531192071,0.9919561497739467
6.046262833675564,0.008076376531192071,0.9919561497739467
6.0791581108829575,0.008076376531192071,0.9919561497739467
6.106386036960987,0.008076376531192071,0.9919561497739467
6.112156057494866,0.008076376531192071,0.9919561497739467
6.146242299794662,0.008076376531192071,0.9919561497739467
6.176242299794661,0.008368167267319867,0.9916667483831735
6.20924024640657,0.008368167267319867,0.9916667483831735
6.2412731006160165,0.008368167267319867,0.9916667483831735
6.276242299794661,0.008368167267319867,0.9916667483831735
6.30340862422998,0.008514149709734038,0.9915219930153117
6.307720739219712,0.008514149709734038,0.9915219930153117
6.310554414784394,0.008514149709734038,0.9915219930153117
6.371006160164272,0.008514149709734038,0.9915219930153117
6.405379876796715,0.008514149709734038,0.9915219930153117
6.440554414784395,0.008514149709734038,0.9915219930153117
6.443408624229979,0.008660270197990937,0.9913771219221501
6.506242299794661,0.008806512048721382,0.9912321516976836
6.536242299794661,0.00895281735084781,0.9910871397865165
6.5405338809034905,0.009099243147719514,0.9909420296864943
6.606242299794661,0.009245681569341295,0.9907969283242148
6.633552361396304,0.009392175853551224,0.9906517928684195
6.636242299794662,0.009538731830633456,0.9905066175653814
6.673429158110883,0.00968529733781375,0.9903614540988509
6.706242299794661,0.009832157028045506,0.9902160206019051
6.736242299794662,0.009832157028045506,0.9902160206019051
6.736303901437371,0.009832157028045506,0.9902160206019051
6.769117043121151,0.009832157028045506,0.9902160206019051
6.800677618069816,0.009832157028045506,0.9902160206019051
6.837741273100615,0.009832157028045506,0.9902160206019051
6.866242299794661,0.009832157028045506,0.9902160206019051
6.896242299794662,0.009979248814651145,0.9900703786699377
6.966242299794662,0.009979248814651145,0.9900703786699377
6.967905544147844,0.009979248814651145,0.9900703786699377
6.996242299794662,0.009979248814651145,0.9900703786699377
7.026242299794661,0.010273758705404439,0.9897788360840725
7.066242299794662,0.010273758705404439,0.9897788360840725
7.096242299794661,0.010421092282350683,0.989633019169894
7.097679671457905,0.010421092282350683,0.989633019169894
7.160636550308007,0.010421092282350683,0.989633019169894
7.163388090349075,0.010421092282350683,0.989633019169894
7.196447638603696,0.010421092282350683,0.989633019169894
7.226242299794662,0.010568693295847743,0.9894869591128458
7.296242299794662,0.010716375215974367,0.989340840568583
7.324866529774128,0.010716375215974367,0.989340840568583
7.396242299794662,0.010716375215974367,0.989340840568583
7.422258726899383,0.010716375215974367,0.989340840568583
7.426242299794661,0.010716375215974367,0.989340840568583
7.456242299794661,0.010716375215974367,0.989340840568583
7.460657084188912,0.010716375215974367,0.989340840568583
7.4608829568788515,0.010716375215974367,0.989340840568583
7.46092402464066,0.010716375215974367,0.989340840568583
7.486242299794662,0.010716375215974367,0.989340840568583
7.489240246406571,0.010716375215974367,0.989340840568583
7.526242299794661,0.010716375215974367,0.989340840568583
7.556242299794662,0.010716375215974367,0.989340840568583
7.559733059548255,0.010716375215974367,0.989340840568583
7.588028747433267,0.010716375215974367,0.989340840568583
7.626242299794661,0.010864677582436795,0.9891941298597302
7.656262833675566,0.010864677582436795,0.9891941298597302
7.68381930184805,0.010864677582436795,0.9891941298597302
7.686242299794661,0.010864677582436795,0.9891941298597302
7.690698151950718,0.011013193199369846,0.9890472299919998
7.754825462012321,0.011013193199369846,0.9890472299919998
7.756242299794661,0.011161887429130485,0.9889001753093016
7.816242299794662,0.011161887429130485,0.9889001753093016
7.847946611909652,0.011161887429130485,0.9889001753093016
7.854969199178645,0.011161887429130485,0.9889001753093016
7.8552361396303905,0.011161887429130485,0.9889001753093016
7.856242299794661,0.011161887429130485,0.9889001753093016
7.881971252566736,0.011161887429130485,0.9889001753093016
7.9162422997946615,0.011161887429130485,0.9889001753093016
7.946283367556468,0.011161887429130485,0.9889001753093016
7.947679671457906,0.011161887429130485,0.9889001753093016
7.980533880903492,0.011161887429130485,0.9889001753093016
8.01624229979466,0.011161887429130485,0.9889001753093016
8.045338809034908,0.011161887429130485,0.9889001753093016
8.083634496919917,0.011161887429130485,0.9889001753093016
8.152032854209445,0.011310984083914719,0.988752744592234
8.177679671457906,0.011310984083914719,0.988752744592234
8.180533880903491,0.011460377132841598,0.9886050428381669
8.184907597535934,0.011460377132841598,0.9886050428381669
8.213388090349076,0.011460377132841598,0.9886050428381669
8.24624229979466,0.011609889857989632,0.988457244853232
8.27624229979466,0.011609889857989632,0.988457244853232
8.277741273100617,0.011609889857989632,0.988457244853232
8.283449691991786,0.011609889857989632,0.988457244853232
8.37624229979466,0.011759545978146442,0.9883093272456902
8.407679671457906,0.011759545978146442,0.9883093272456902
8.412032854209444,0.011759545978146442,0.9883093272456902
8.47340862422998,0.011759545978146442,0.9883093272456902
8.476242299794661,0.011909312307260684,0.9881613228690319
8.481088295687886,0.011909312307260684,0.9881613228690319
8.50624229979466,0.012059370757110069,0.9880130520376449
8.575174537987682,0.012059370757110069,0.9880130520376449
8.603511293634497,0.012059370757110069,0.9880130520376449
8.603798767967143,0.012059370757110069,0.9880130520376449
8.604989733059547,0.012059370757110069,0.9880130520376449
8.64347022587269,0.012209576803663994,0.9878646576483009
8.643716632443532,0.012209576803663994,0.9878646576483009
8.669158110882957,0.012209576803663994,0.9878646576483009
8.673388090349075,0.012359906492956247,0.9877161634230789
8.703511293634499,0.012359906492956247,0.9877161634230789
8.70624229979466,0.012359906492956247,0.9877161634230789
8.736242299794661,0.012359906492956247,0.9877161634230789
8.742381930184807,0.012359906492956247,0.9877161634230789
8.774845995893225,0.012359906492956247,0.9877161634230789
8.802114989733058,0.012359906492956247,0.9877161634230789
8.809158110882958,0.012359906492956247,0.9877161634230789
8.836262833675566,0.012359906492956247,0.9877161634230789
8.86624229979466,0.012359906492956247,0.9877161634230789
8.901971252566735,0.012359906492956247,0.9877161634230789
8.907741273100616,0.012510544701228359,0.98756738683594
8.931971252566735,0.012510544701228359,0.98756738683594
8.939445585215607,0.012510544701228359,0.98756738683594
8.966242299794661,0.012510544701228359,0.98756738683594
8.99788501026694,0.012510544701228359,0.98756738683594
9.000533880903491,0.012510544701228359,0.98756738683594
9.034948665297742,0.012510544701228359,0.98756738683594
9.03624229979466,0.012510544701228359,0.98756738683594
9.070533880903492,0.012661569448773459,0.9874182509825451
9.096344969199178,0.012812605956837994,0.9872691260398563
9.097700205338809,0.012812605956837994,0.9872691260398563
9.136242299794661,0.013114842926675044,0.9869707818983741
9.169691991786447,0.013114842926675044,0.9869707818983741
9.194845995893225,0.013114842926675044,0.9869707818983741
9.19624229979466,0.013114842926675044,0.9869707818983741
9.236242299794661,0.013266103464865201,0.9868215034569795
9.26624229979466,0.013266103464865201,0.9868215034569795
9.32624229979466,0.013568777692147998,0.9865228632185862
9.42624229979466,0.013568777692147998,0.9865228632185862
9.430595482546202,0.013568777692147998,0.9865228632185862
9.432053388090349,0.013568777692147998,0.9865228632185862
9.463388090349076,0.013568777692147998,0.9865228632185862
9.4635318275154,0.013568777692147998,0.9865228632185862
9.466242299794661,0.013568777692147998,0.9865228632185862
9.492094455852156,0.013568777692147998,0.9865228632185862
9.52624229979466,0.013720429235463178,0.9863732668474103
9.52665297741273,0.013720429235463178,0.9863732668474103
9.56063655030801,0.013720429235463178,0.9863732668474103
9.562279260780286,0.013720429235463178,0.9863732668474103
9.592012320328541,0.013720429235463178,0.9863732668474103
9.59624229979466,0.013720429235463178,0.9863732668474103
9.627330595482547,0.013720429235463178,0.9863732668474103
9.688747433264883,0.013720429235463178,0.9863732668474103
9.69053388090349,0.013720429235463178,0.9863732668474103
9.69624229979466,0.013720429235463178,0.9863732668474103
9.723613963039014,0.013720429235463178,0.9863732668474103
9.726242299794661,0.013872612679603977,0.9862231685879779
9.727679671457906,0.013872612679603977,0.9862231685879779
9.753388090349075,0.013872612679603977,0.9862231685879779
9.791971252566734,0.013872612679603977,0.9862231685879779
9.822012320328541,0.013872612679603977,0.9862231685879779
9.85624229979466,0.013872612679603977,0.9862231685879779
9.886242299794661,0.013872612679603977,0.9862231685879779
9.92624229979466,0.013872612679603977,0.9862231685879779
9.950698151950718,0.014025075816017283,0.9860728173722917
9.95624229979466,0.014025075816017283,0.9860728173722917
9.986262833675564,0.014025075816017283,0.9860728173722917
10.01624229979466,0.014177620066511132,0.9859224091056831
10.01917864476386,0.014177620066511132,0.9859224091056831
10.056324435318276,0.014330219465104911,0.9857719694177882
10.116242299794662,0.014482944515540497,0.9856214288399923
10.117679671457905,0.014482944515540497,0.9856214288399923
10.117700205338808,0.014635800663651355,0.9854707820588209
10.154887063655032,0.014635800663651355,0.9854707820588209
10.15624229979466,0.014635800663651355,0.9854707820588209
10.180903490759754,0.014635800663651355,0.9854707820588209
10.181581108829569,0.014635800663651355,0.9854707820588209
10.182053388090349,0.014635800663651355,0.9854707820588209
10.18340862422998,0.014635800663651355,0.9854707820588209
10.183449691991786,0.014635800663651355,0.9854707820588209
10.214825462012321,0.014788999133887898,0.9853198210063431
10.215030800821355,0.014788999133887898,0.9853198210063431
10.22063655030801,0.014788999133887898,0.9853198210063431
10.284928131416839,0.014788999133887898,0.9853198210063431
10.287679671457907,0.014942299718464397,0.985168782479231
10.316262833675566,0.014942299718464397,0.985168782479231
10.316365503080082,0.014942299718464397,0.985168782479231
10.317782340862424,0.014942299718464397,0.985168782479231
10.346242299794662,0.014942299718464397,0.985168782479231
10.35053388090349,0.015095757015504141,0.9850176127400903
10.386242299794661,0.015249333030879655,0.9848663492755684
10.410554414784395,0.015249333030879655,0.9848663492755684
10.446262833675565,0.015402991022439323,0.984715028316519
10.446570841889116,0.015556737255012186,0.9845636437284607
10.476242299794661,0.015556737255012186,0.9845636437284607
10.509219712525667,0.015556737255012186,0.9845636437284607
10.509260780287475,0.015556737255012186,0.9845636437284607
10.51053388090349,0.015556737255012186,0.9845636437284607
10.543449691991785,0.015556737255012186,0.9845636437284607
10.544887063655032,0.015556737255012186,0.9845636437284607
10.57482546201232,0.015556737255012186,0.9845636437284607
10.574948665297741,0.015710718562120404,0.9844120510031907
10.58053388090349,0.015710718562120404,0.9844120510031907
10.607679671457907,0.01586482193476412,0.9842603614742942
10.612854209445583,0.01586482193476412,0.9842603614742942
10.61494866529774,0.01586482193476412,0.9842603614742942
10.646344969199179,0.01586482193476412,0.9842603614742942
10.676262833675565,0.01586482193476412,0.9842603614742942
10.706283367556466,0.016019100348451977,0.9841085230600661
10.706365503080082,0.016019100348451977,0.9841085230600661
10.707782340862424,0.016019100348451977,0.9841085230600661
10.774907597535933,0.016019100348451977,0.9841085230600661
10.776242299794662,0.016019100348451977,0.9841085230600661
10.77911704312115,0.016019100348451977,0.9841085230600661
10.804825462012321,0.016019100348451977,0.9841085230600661
10.80624229979466,0.016019100348451977,0.9841085230600661
10.812874743326491,0.016019100348451977,0.9841085230600661
10.838151950718686,0.016019100348451977,0.9841085230600661
10.874928131416839,0.016019100348451977,0.9841085230600661
10.90624229979466,0.01617395980432878,0.9839561363492274
10.90911704312115,0.016328865404731847,0.9838037278379267
10.912094455852158,0.016328865404731847,0.9838037278379267
10.93911704312115,0.016483901299402498,0.9836512147696065
10.940554414784392,0.016638987004617224,0.9834986763558481
10.972032854209443,0.016638987004617224,0.9834986763558481
11.00482546201232,0.016638987004617224,0.9834986763558481
11.006242299794662,0.01679424949544954,0.9833459877553398
11.03624229979466,0.01679424949544954,0.9833459877553398
11.074907597535933,0.01679424949544954,0.9833459877553398
11.100657084188912,0.01679424949544954,0.9833459877553398
11.10205338809035,0.01679424949544954,0.9833459877553398
11.103388090349076,0.01679424949544954,0.9833459877553398
11.104948665297742,0.01679424949544954,0.9833459877553398
11.10624229979466,0.016949790229045195,0.9831930492934146
11.136242299794661,0.016949790229045195,0.9831930492934146
11.140533880903492,0.017105477460754456,0.9830399906042853
11.166242299794659,0.017105477460754456,0.9830399906042853
11.166386036960986,0.017105477460754456,0.9830399906042853
11.174907597535935,0.017105477460754456,0.9830399906042853
11.201971252566736,0.01726136852962398,0.9828867553937192
11.206242299794662,0.01726136852962398,0.9828867553937192
11.23624229979466,0.017417291544555943,0.9827335126748253
11.300780287474332,0.017417291544555943,0.9827335126748253
11.33624229979466,0.017417291544555943,0.9827335126748253
11.336632443531828,0.017417291544555943,0.9827335126748253
11.364558521560577,0.017417291544555943,0.9827335126748253
11.366427104722794,0.017417291544555943,0.9827335126748253
11.398275154004105,0.017417291544555943,0.9827335126748253
11.402012320328543,0.017417291544555943,0.9827335126748253
11.46340862422998,0.017573578703298096,0.9825799360476686
11.49624229979466,0.017573578703298096,0.9825799360476686
11.500636550308007,0.017573578703298096,0.9825799360476686
11.56772073921971,0.01773006635815777,0.9824261864480353
11.596242299794662,0.017886619569467535,0.9822723965121403
11.62624229979466,0.01804328768614336,0.9821185177999748
11.661971252566733,0.01804328768614336,0.9821185177999748
11.69624229979466,0.018514131134850547,0.9816562025776026
11.6964681724846,0.018514131134850547,0.9816562025776026
11.732012320328542,0.0186711838395891,0.9815020429217767
11.733901437371664,0.0186711838395891,0.9815020429217767
11.76053388090349,0.0186711838395891,0.9815020429217767
11.760616016427106,0.0186711838395891,0.9815020429217767
11.76347022587269,0.0186711838395891,0.9815020429217767
11.830554414784393,0.0186711838395891,0.9815020429217767
11.85624229979466,0.01882836634580274,0.9813477800948429
11.864229979466117,0.01882836634580274,0.9813477800948429
11.864866529774128,0.01882836634580274,0.9813477800948429
11.890554414784395,0.01882836634580274,0.9813477800948429
11.89624229979466,0.01882836634580274,0.9813477800948429
11.92624229979466,0.01882836634580274,0.9813477800948429
11.989219712525667,0.01882836634580274,0.9813477800948429
11.991971252566735,0.01882836634580274,0.9813477800948429
11.99624229979466,0.018985891024883655,0.9811932057756714
12.020554414784394,0.018985891024883655,0.9811932057756714
12.023655030800823,0.018985891024883655,0.9811932057756714
12.024887063655033,0.018985891024883655,0.9811932057756714
12.029158110882959,0.018985891024883655,0.9811932057756714
12.029322381930186,0.01914348807465355,0.9810385848054113
12.05624229979466,0.01914348807465355,0.9810385848054113
12.057679671457906,0.01914348807465355,0.9810385848054113
12.058151950718685,0.01914348807465355,0.9810385848054113
12.05930184804928,0.01914348807465355,0.9810385848054113
12.08624229979466,0.01914348807465355,0.9810385848054113
12.087843942505135,0.01914348807465355,0.9810385848054113
12.09340862422998,0.01914348807465355,0.9810385848054113
12.123449691991787,0.01914348807465355,0.9810385848054113
12.152032854209448,0.01914348807465355,0.9810385848054113
12.217679671457907,0.01914348807465355,0.9810385848054113
12.219712525667351,0.01914348807465355,0.9810385848054113
12.226242299794661,0.01914348807465355,0.9810385848054113
12.256324435318275,0.01914348807465355,0.9810385848054113
12.28624229979466,0.01914348807465355,0.9810385848054113
12.316242299794661,0.01930166764128515,0.9808834168197438
12.351971252566734,0.01930166764128515,0.9808834168197438
12.35624229979466,0.01930166764128515,0.9808834168197438
12.416550308008215,0.01930166764128515,0.9808834168197438
12.449260780287476,0.019459940829834772,0.9807281815588822
12.450636550308007,0.019459940829834772,0.9807281815588822
12.45199178644764,0.019459940829834772,0.9807281815588822
12.45340862422998,0.01961836717830995,0.9805728206811843
12.453572895277206,0.01961836717830995,0.9805728206811843
12.456242299794662,0.01961836717830995,0.9805728206811843
12.486303901437372,0.01961836717830995,0.9805728206811843
12.489178644763859,0.01961836717830995,0.9805728206811843
12.489301848049283,0.01961836717830995,0.9805728206811843
12.516324435318277,0.01961836717830995,0.9805728206811843
12.550554414784395,0.01961836717830995,0.9805728206811843
12.64624229979466,0.01977713136784616,0.9804171531895661
12.647720739219714,0.01977713136784616,0.9804171531895661
12.686242299794662,0.019936083652072025,0.9802613260284422
12.686344969199178,0.019936083652072025,0.9802613260284422
12.710533880903492,0.019936083652072025,0.9802613260284422
12.74624229979466,0.020095111709550768,0.9801054493686521
12.750698151950719,0.020095111709550768,0.9801054493686521
12.776242299794662,0.020095111709550768,0.9801054493686521
12.81053388090349,0.020095111709550768,0.9801054493686521
12.814989733059548,0.020095111709550768,0.9801054493686521
12.817761806981519,0.020095111709550768,0.9801054493686521
12.846242299794662,0.020095111709550768,0.9801054493686521
12.846262833675564,0.020095111709550768,0.9801054493686521
12.877782340862423,0.020095111709550768,0.9801054493686521
12.883388090349074,0.020095111709550768,0.9801054493686521
12.910780287474331,0.020095111709550768,0.9801054493686521
12.940533880903493,0.020095111709550768,0.9801054493686521
12.941190965092403,0.020095111709550768,0.9801054493686521
12.942135523613963,0.020095111709550768,0.9801054493686521
12.94624229979466,0.020095111709550768,0.9801054493686521
12.947761806981518,0.020095111709550768,0.9801054493686521
12.976242299794661,0.020254997055168488,0.9799487573968467
13.006242299794662,0.02041494487889947,0.9797920292602296
13.013388090349077,0.02041494487889947,0.9797920292602296
13.04340862422998,0.02041494487889947,0.9797920292602296
13.074845995893225,0.020575117299287037,0.9796351061671378
13.07488706365503,0.020575117299287037,0.9796351061671378
13.076242299794659,0.020575117299287037,0.9796351061671378
13.077679671457906,0.020575117299287037,0.9796351061671378
13.104845995893223,0.020575117299287037,0.9796351061671378
13.10624229979466,0.020575117299287037,0.9796351061671378
13.107782340862423,0.020735528028376783,0.9794779747886321
13.14482546201232,0.020895966804829157,0.9793208411462967
13.14624229979466,0.020895966804829157,0.9793208411462967
13.146344969199179,0.020895966804829157,0.9793208411462967
13.146386036960987,0.020895966804829157,0.9793208411462967
13.17624229979466,0.020895966804829157,0.9793208411462967
13.206324435318274,0.020895966804829157,0.9793208411462967
13.23624229979466,0.021056835630895797,0.9791633116233733
13.239281314168379,0.021056835630895797,0.9791633116233733
13.276242299794662,0.021217736423351098,0.9790057761447215
13.30624229979466,0.021217736423351098,0.9790057761447215
13.309117043121152,0.021217736423351098,0.9790057761447215
13.339199178644765,0.021217736423351098,0.9790057761447215
13.340533880903491,0.021217736423351098,0.9790057761447215
13.340677618069815,0.021217736423351098,0.9790057761447215
13.368665297741275,0.021217736423351098,0.9790057761447215
13.372135523613963,0.021217736423351098,0.9790057761447215
13.403531827515401,0.021217736423351098,0.9790057761447215
13.407679671457908,0.021217736423351098,0.9790057761447215
13.407802874743327,0.021217736423351098,0.9790057761447215
13.473613963039014,0.021217736423351098,0.9790057761447215
13.503470225872691,0.021217736423351098,0.9790057761447215
13.504455852156058,0.021217736423351098,0.9790057761447215
13.506242299794662,0.021217736423351098,0.9790057761447215
13.536386036960984,0.021217736423351098,0.9790057761447215
13.539199178644765,0.021379137872962042,0.9788477759443479
13.566242299794661,0.021379137872962042,0.9788477759443479
13.630616016427107,0.021379137872962042,0.9788477759443479
13.633552361396307,0.021379137872962042,0.9788477759443479
13.636324435318274,0.021379137872962042,0.9788477759443479
13.639158110882958,0.021379137872962042,0.9788477759443479
13.666242299794659,0.021379137872962042,0.9788477759443479
13.671971252566735,0.021379137872962042,0.9788477759443479
13.699199178644765,0.021379137872962042,0.9788477759443479
13.730533880903492,0.021541118652469025,0.9786892342592813
13.796242299794661,0.021541118652469025,0.9786892342592813
13.830759753593428,0.021703245323294467,0.9785305754937144
13.83624229979466,0.021703245323294467,0.9785305754937144
13.83640657084189,0.021703245323294467,0.9785305754937144
13.860780287474334,0.021703245323294467,0.9785305754937144
13.99624229979466,0.021703245323294467,0.9785305754937144
14.024887063655033,0.021703245323294467,0.9785305754937144
14.027679671457905,0.021703245323294467,0.9785305754937144
14.063778234086241,0.021703245323294467,0.9785305754937144
14.064969199178643,0.021703245323294467,0.9785305754937144
14.066242299794661,0.021703245323294467,0.9785305754937144
14.092258726899384,0.021703245323294467,0.9785305754937144
14.15624229979466,0.021703245323294467,0.9785305754937144
14.159281314168377,0.021703245323294467,0.9785305754937144
14.19624229979466,0.021865862327629347,0.9783714627204494
14.223388090349077,0.021865862327629347,0.9783714627204494
14.226242299794661,0.021865862327629347,0.9783714627204494
14.263408624229982,0.021865862327629347,0.9783714627204494
14.287967145790555,0.021865862327629347,0.9783714627204494
14.293716632443534,0.021865862327629347,0.9783714627204494
14.319568788501025,0.021865862327629347,0.9783714627204494
14.321971252566733,0.021865862327629347,0.9783714627204494
14.32211498973306,0.021865862327629347,0.9783714627204494
14.32482546201232,0.021865862327629347,0.9783714627204494
14.326242299794659,0.021865862327629347,0.9783714627204494
14.353511293634497,0.021865862327629347,0.9783714627204494
14.353634496919916,0.021865862327629347,0.9783714627204494
14.354845995893223,0.021865862327629347,0.9783714627204494
14.356386036960984,0.021865862327629347,0.9783714627204494
14.359199178644765,0.021865862327629347,0.9783714627204494
14.361971252566736,0.022028813970348695,0.9782120484721689
14.389158110882958,0.022028813970348695,0.9782120484721689
14.453388090349074,0.022191791770271134,0.978052634615464
14.456242299794662,0.022191791770271134,0.978052634615464
14.486262833675564,0.02235478580183417,0.9778932308647501
14.589158110882957,0.02235478580183417,0.9778932308647501
14.591991786447638,0.02235478580183417,0.9778932308647501
14.620657084188911,0.02235478580183417,0.9778932308647501
14.62498973305955,0.02235478580183417,0.9778932308647501
14.652032854209448,0.02235478580183417,0.9778932308647501
14.686386036960986,0.02251797582500259,0.9777336614661701
14.71624229979466,0.02268119238185187,0.97757409216696
14.718008213552361,0.02268119238185187,0.97757409216696
14.751047227926078,0.02268119238185187,0.97757409216696
14.756242299794662,0.02268119238185187,0.97757409216696
14.780657084188912,0.02268119238185187,0.97757409216696
14.78624229979466,0.023008007728730732,0.9772546581517411
14.787720739219715,0.023008007728730732,0.9772546581517411
14.813429158110882,0.023008007728730732,0.9772546581517411
14.816242299794661,0.02333565424445765,0.9769345165175293
14.820554414784395,0.02333565424445765,0.9769345165175293
14.846242299794662,0.02349959038759775,0.9767743747676599
14.8505954825462,0.02349959038759775,0.9767743747676599
14.886242299794661,0.02349959038759775,0.9767743747676599
14.916242299794659,0.02366377804447653,0.976614013636787
14.917679671457906,0.02366377804447653,0.976614013636787
14.944825462012318,0.02366377804447653,0.976614013636787
14.945030800821355,0.02366377804447653,0.976614013636787
14.94624229979466,0.02366377804447653,0.976614013636787
14.947905544147842,0.02366377804447653,0.976614013636787
14.95201232032854,0.02366377804447653,0.976614013636787
14.980616016427104,0.02366377804447653,0.976614013636787
15.009794661190966,0.02366377804447653,0.976614013636787
15.01624229979466,0.023828249022372204,0.976453402183261
15.075112936344969,0.023828249022372204,0.976453402183261
15.083388090349077,0.023828249022372204,0.976453402183261
15.11053388090349,0.023828249022372204,0.976453402183261
15.116242299794662,0.02399282019785432,0.9762927193213067
15.143039014373716,0.02399282019785432,0.9762927193213067
15.14624229979466,0.02399282019785432,0.9762927193213067
15.14917864476386,0.02399282019785432,0.9762927193213067
15.240554414784393,0.02399282019785432,0.9762927193213067
15.240698151950717,0.02399282019785432,0.9762927193213067
15.240780287474333,0.02399282019785432,0.9762927193213067
15.24624229979466,0.02399282019785432,0.9762927193213067
15.275112936344968,0.02399282019785432,0.9762927193213067
15.276242299794662,0.02399282019785432,0.9762927193213067
15.30624229979466,0.02399282019785432,0.9762927193213067
15.373388090349076,0.02399282019785432,0.9762927193213067
15.373511293634497,0.02399282019785432,0.9762927193213067
15.375051334702258,0.02399282019785432,0.9762927193213067
15.37624229979466,0.02415798284158367,0.9761314855499943
15.380595482546202,0.02415798284158367,0.9761314855499943
15.40624229979466,0.024323196052445206,0.975970229054262
15.407926078028748,0.02465411047898635,0.975647319856196
15.410533880903492,0.02465411047898635,0.975647319856196
15.410698151950719,0.02465411047898635,0.975647319856196
15.444907597535934,0.02465411047898635,0.975647319856196
15.473490759753593,0.02465411047898635,0.975647319856196
15.47482546201232,0.02465411047898635,0.975647319856196
15.476242299794661,0.02465411047898635,0.975647319856196
15.477679671457905,0.02465411047898635,0.975647319856196
15.503388090349075,0.02465411047898635,0.975647319856196
15.50652977412731,0.02465411047898635,0.975647319856196
15.53624229979466,0.02482020615153547,0.9754852825156568
15.542813141683778,0.02482020615153547,0.9754852825156568
15.56911704312115,0.02482020615153547,0.9754852825156568
15.574845995893225,0.024986379848456617,0.9753231959876009
15.576242299794659,0.024986379848456617,0.9753231959876009
15.60217659137577,0.024986379848456617,0.9753231959876009
15.636242299794661,0.024986379848456617,0.9753231959876009
15.640533880903492,0.024986379848456617,0.9753231959876009
15.672012320328543,0.024986379848456617,0.9753231959876009
15.67624229979466,0.024986379848456617,0.9753231959876009
15.702094455852157,0.024986379848456617,0.9753231959876009
15.733388090349075,0.024986379848456617,0.9753231959876009
15.734948665297741,0.024986379848456617,0.9753231959876009
15.73624229979466,0.024986379848456617,0.9753231959876009
15.740595482546201,0.024986379848456617,0.9753231959876009
15.804825462012321,0.025153077795864336,0.9751606251632584
15.836386036960985,0.025153077795864336,0.9751606251632584
15.840533880903491,0.025153077795864336,0.9751606251632584
15.866242299794662,0.025153077795864336,0.9751606251632584
15.870533880903492,0.025153077795864336,0.9751606251632584
15.872217659137577,0.025153077795864336,0.9751606251632584
15.936242299794662,0.025153077795864336,0.9751606251632584
15.96624229979466,0.025153077795864336,0.9751606251632584
15.966386036960984,0.025153077795864336,0.9751606251632584
15.97063655030801,0.025153077795864336,0.9751606251632584
15.99772073921971,0.025153077795864336,0.9751606251632584
16.003572895277205,0.025153077795864336,0.9751606251632584
16.034928131416837,0.025153077795864336,0.9751606251632584
16.03624229979466,0.025153077795864336,0.9751606251632584
16.061971252566735,0.025153077795864336,0.9751606251632584
16.094845995893223,0.025153077795864336,0.9751606251632584
16.096242299794664,0.025153077795864336,0.9751606251632584
16.101991786447638,0.02532078969076613,0.9749970928405198
16.129363449691994,0.02532078969076613,0.9749970928405198
16.136242299794663,0.0254885561495803,0.9748335347510642
16.16069815195072,0.0254885561495803,0.9748335347510642
16.16624229979466,0.0254885561495803,0.9748335347510642
16.166386036960986,0.0254885561495803,0.9748335347510642
16.196242299794662,0.0254885561495803,0.9748335347510642
16.19911704312115,0.0254885561495803,0.9748335347510642
16.199219712525668,0.0254885561495803,0.9748335347510642
16.233388090349077,0.0254885561495803,0.9748335347510642
16.260533880903488,0.0254885561495803,0.9748335347510642
16.266242299794662,0.0254885561495803,0.9748335347510642
16.292032854209445,0.0254885561495803,0.9748335347510642
16.329137577002054,0.0254885561495803,0.9748335347510642
16.363388090349076,0.0254885561495803,0.9748335347510642
16.36371663244353,0.0254885561495803,0.9748335347510642
16.390574948665297,0.0254885561495803,0.9748335347510642
16.39624229979466,0.0254885561495803,0.9748335347510642
16.426242299794662,0.0254885561495803,0.9748335347510642
16.426776180698152,0.0254885561495803,0.9748335347510642
16.456242299794663,0.0254885561495803,0.9748335347510642
16.459322381930185,0.0254885561495803,0.9748335347510642
16.461971252566734,0.0254885561495803,0.9748335347510642
16.521991786447636,0.0254885561495803,0.9748335347510642
16.526242299794664,0.0254885561495803,0.9748335347510642
16.527741273100617,0.0254885561495803,0.9748335347510642
16.556509240246406,0.0254885561495803,0.9748335347510642
16.560616016427105,0.0254885561495803,0.9748335347510642
16.561971252566735,0.0254885561495803,0.9748335347510642
16.59053388090349,0.025657967876531216,0.974668400506686
16.596242299794664,0.025827572228952135,0.9745031065214789
16.62482546201232,0.025827572228952135,0.9745031065214789
16.65511293634497,0.025827572228952135,0.9745031065214789
16.656242299794663,0.025997595093793086,0.9743374327960715
16.65776180698152,0.025997595093793086,0.9743374327960715
16.657926078028748,0.025997595093793086,0.9743374327960715
16.686242299794664,0.02616791829235467,0.9741714946599976
16.687741273100617,0.026338393043995767,0.9740054371710963
16.691971252566734,0.026338393043995767,0.9740054371710963
16.694866529774128,0.026338393043995767,0.9740054371710963
16.72482546201232,0.026508912735876754,0.9738393642238159
16.75073921971253,0.026508912735876754,0.9738393642238159
16.751971252566733,0.026508912735876754,0.9738393642238159
16.78624229979466,0.0266795558453923,0.9736731994243784
16.823388090349077,0.0266795558453923,0.9736731994243784
16.824907597535933,0.0266795558453923,0.9736731994243784
16.85659137577002,0.0266795558453923,0.9736731994243784
16.857741273100615,0.0266795558453923,0.9736731994243784
16.884887063655032,0.0266795558453923,0.9736731994243784
16.885092402464068,0.0266795558453923,0.9736731994243784
16.886242299794663,0.0266795558453923,0.9736731994243784
16.91624229979466,0.026850613216651678,0.9735066596907497
16.9164681724846,0.026850613216651678,0.9735066596907497
16.952156057494868,0.027021776608029718,0.9733400452489012
16.95482546201232,0.027021776608029718,0.9733400452489012
16.956242299794663,0.027021776608029718,0.9733400452489012
16.990533880903488,0.027021776608029718,0.9733400452489012
17.016242299794662,0.027193301280692472,0.9731731077336109
17.020554414784396,0.027193301280692472,0.9731731077336109
17.047679671457903,0.027193301280692472,0.9731731077336109
17.049158110882956,0.027193301280692472,0.9731731077336109
17.05482546201232,0.02736513946228089,0.9730058938036875
17.055133470225872,0.02736513946228089,0.9730058938036875
17.082053388090348,0.02736513946228089,0.9730058938036875
17.086242299794662,0.02753710355685326,0.9728385861120161
17.08770020533881,0.02770927425289136,0.9726711062334898
17.116242299794663,0.02770927425289136,0.9726711062334898
17.119137577002054,0.027881725071393415,0.9725033827675267
17.119199178644763,0.027881725071393415,0.9725033827675267
17.121971252566734,0.027881725071393415,0.9725033827675267
17.14624229979466,0.027881725071393415,0.9725033827675267
17.186242299794664,0.027881725071393415,0.9725033827675267
17.21363449691992,0.027881725071393415,0.9725033827675267
17.219671457905545,0.027881725071393415,0.9725033827675267
17.24770020533881,0.027881725071393415,0.9725033827675267
17.25053388090349,0.027881725071393415,0.9725033827675267
17.2505749486653,0.027881725071393415,0.9725033827675267
17.276427104722796,0.027881725071393415,0.9725033827675267
17.283593429158113,0.027881725071393415,0.9725033827675267
17.31207392197125,0.027881725071393415,0.9725033827675267
17.31252566735113,0.027881725071393415,0.9725033827675267
17.313490759753595,0.027881725071393415,0.9725033827675267
17.31482546201232,0.027881725071393415,0.9725033827675267
17.316324435318272,0.027881725071393415,0.9725033827675267
17.316386036960985,0.027881725071393415,0.9725033827675267
17.346242299794664,0.027881725071393415,0.9725033827675267
17.350533880903487,0.027881725071393415,0.9725033827675267
17.37624229979466,0.027881725071393415,0.9725033827675267
17.41624229979466,0.027881725071393415,0.9725033827675267
17.446242299794662,0.028055369741992294,0.9723345273988114
17.45053388090349,0.028055369741992294,0.9723345273988114
17.4505749486653,0.028055369741992294,0.9723345273988114
17.476242299794663,0.028229161969838816,0.972165557898301
17.47911704312115,0.028229161969838816,0.972165557898301
17.51494866529774,0.028229161969838816,0.972165557898301
17.51605749486653,0.028229161969838816,0.972165557898301
17.516242299794662,0.0284030875783874,0.9719964881152422
17.54219712525667,0.0284030875783874,0.9719964881152422
17.543388090349076,0.0284030875783874,0.9719964881152422
17.546242299794663,0.028577163617858028,0.9718273015423032
17.606242299794662,0.028577163617858028,0.9718273015423032
17.609281314168378,0.028577163617858028,0.9718273015423032
17.641971252566734,0.028751469427094143,0.9716579211604913
17.64205338809035,0.028751469427094143,0.9716579211604913
17.64624229979466,0.028751469427094143,0.9716579211604913
17.67340862422998,0.028751469427094143,0.9716579211604913
17.676242299794662,0.028751469427094143,0.9716579211604913
17.706283367556466,0.028926123566472593,0.9714882319013979
17.737679671457904,0.028926123566472593,0.9714882319013979
17.746242299794663,0.028926123566472593,0.9714882319013979
17.769281314168378,0.028926123566472593,0.9714882319013979
17.771971252566736,0.028926123566472593,0.9714882319013979
17.77369609856263,0.028926123566472593,0.9714882319013979
17.776242299794664,0.028926123566472593,0.9714882319013979
17.803388090349078,0.028926123566472593,0.9714882319013979
17.803429158110884,0.028926123566472593,0.9714882319013979
17.80624229979466,0.028926123566472593,0.9714882319013979
17.811971252566735,0.028926123566472593,0.9714882319013979
17.836242299794662,0.028926123566472593,0.9714882319013979
17.839486652977413,0.028926123566472593,0.9714882319013979
17.87624229979466,0.028926123566472593,0.9714882319013979
17.972525667351132,0.028926123566472593,0.9714882319013979
17.97338809034908,0.028926123566472593,0.9714882319013979
17.976242299794663,0.028926123566472593,0.9714882319013979
18.003388090349077,0.028926123566472593,0.9714882319013979
18.004907597535933,0.028926123566472593,0.9714882319013979
18.006242299794664,0.029102303048453324,0.9713170906841793
18.03624229979466,0.029102303048453324,0.9713170906841793
18.066242299794663,0.029102303048453324,0.9713170906841793
18.07340862422998,0.029102303048453324,0.9713170906841793
18.100739219712526,0.029102303048453324,0.9713170906841793
18.104825462012318,0.029102303048453324,0.9713170906841793
18.10636550308008,0.029102303048453324,0.9713170906841793
18.133552361396305,0.029102303048453324,0.9713170906841793
18.16482546201232,0.029102303048453324,0.9713170906841793
18.16911704312115,0.029278975622557525,0.9711455007515606
18.170533880903488,0.0294556663394552,0.9709739235153196
18.196242299794662,0.0294556663394552,0.9709739235153196
18.235010266940453,0.0294556663394552,0.9709739235153196
18.23624229979466,0.0294556663394552,0.9709739235153196
18.23665297741273,0.029632553275675252,0.9708021861023396
18.266242299794662,0.029632553275675252,0.9708021861023396
18.296242299794663,0.029632553275675252,0.9708021861023396
18.29911704312115,0.029632553275675252,0.9708021861023396
18.328254620123204,0.029632553275675252,0.9708021861023396
18.331991786447638,0.029632553275675252,0.9708021861023396
18.333572895277207,0.029632553275675252,0.9708021861023396
18.336242299794662,0.029632553275675252,0.9708021861023396
18.336652977412733,0.029632553275675252,0.9708021861023396
18.36053388090349,0.029632553275675252,0.9708021861023396
18.363388090349076,0.029632553275675252,0.9708021861023396
18.366242299794663,0.029632553275675252,0.9708021861023396
18.369322381930186,0.029632553275675252,0.9708021861023396
18.39624229979466,0.029632553275675252,0.9708021861023396
18.435051334702262,0.029632553275675252,0.9708021861023396
18.46053388090349,0.029810270769181125,0.9706296729008964
18.465318275154004,0.029810270769181125,0.9706296729008964
18.46624229979466,0.029988050783111113,0.9704571296819496
18.496242299794663,0.030343791434756667,0.9701119600293212
18.52482546201232,0.030343791434756667,0.9701119600293212
18.526242299794664,0.030343791434756667,0.9701119600293212
18.526262833675567,0.030343791434756667,0.9701119600293212
18.52911704312115,0.030521817229076896,0.9699392704491133
18.56347022587269,0.030521817229076896,0.9699392704491133
18.590554414784396,0.030521817229076896,0.9699392704491133
18.591991786447636,0.030521817229076896,0.9699392704491133
18.656262833675566,0.030521817229076896,0.9699392704491133
18.66053388090349,0.030521817229076896,0.9699392704491133
18.691971252566734,0.030878414589820203,0.9695934543274126
18.696242299794662,0.030878414589820203,0.9695934543274126
18.726242299794663,0.030878414589820203,0.9695934543274126
18.730903490759754,0.030878414589820203,0.9695934543274126
18.756242299794664,0.030878414589820203,0.9695934543274126
18.756262833675564,0.030878414589820203,0.9695934543274126
18.787802874743328,0.030878414589820203,0.9695934543274126
18.82624229979466,0.030878414589820203,0.9695934543274126
18.85338809034908,0.030878414589820203,0.9695934543274126
18.856242299794662,0.031236057704011246,0.9692467479071852
18.862032854209446,0.031236057704011246,0.9692467479071852
18.91911704312115,0.031236057704011246,0.9692467479071852
18.920554414784394,0.031236057704011246,0.9692467479071852
18.927679671457906,0.031236057704011246,0.9692467479071852
18.952094455852155,0.031236057704011246,0.9692467479071852
18.956242299794663,0.031236057704011246,0.9692467479071852
18.957679671457903,0.031236057704011246,0.9692467479071852
18.957720739219713,0.031236057704011246,0.9692467479071852
18.958829568788502,0.031236057704011246,0.9692467479071852
18.96053388090349,0.0314156703129741,0.969072674603413
19.017802874743328,0.0314156703129741,0.969072674603413
19.02053388090349,0.0314156703129741,0.969072674603413
19.02634496919918,0.0314156703129741,0.969072674603413
19.050616016427103,0.0314156703129741,0.969072674603413
19.057679671457905,0.0314156703129741,0.969072674603413
19.086242299794662,0.0314156703129741,0.969072674603413
19.08930184804928,0.0314156703129741,0.969072674603413
19.116242299794663,0.0314156703129741,0.969072674603413
19.122381930184805,0.0314156703129741,0.969072674603413
19.150657084188914,0.0314156703129741,0.969072674603413
19.156324435318272,0.0314156703129741,0.969072674603413
19.189219712525666,0.0314156703129741,0.969072674603413
19.21624229979466,0.0314156703129741,0.969072674603413
19.216283367556468,0.0314156703129741,0.969072674603413
19.22359342915811,0.0314156703129741,0.969072674603413
19.253798767967147,0.0314156703129741,0.969072674603413
19.254907597535933,0.0314156703129741,0.969072674603413
19.256242299794664,0.0314156703129741,0.969072674603413
19.28624229979466,0.0314156703129741,0.969072674603413
19.286262833675565,0.0314156703129741,0.969072674603413
19.287679671457905,0.0314156703129741,0.969072674603413
19.321971252566733,0.0314156703129741,0.969072674603413
19.346242299794664,0.0314156703129741,0.969072674603413
19.34911704312115,0.03159750616519815,0.9688964784676322
19.3505954825462,0.03159750616519815,0.9688964784676322
19.35365503080082,0.03159750616519815,0.9688964784676322
19.384989733059548,0.03159750616519815,0.9688964784676322
19.386242299794663,0.03159750616519815,0.9688964784676322
19.41624229979466,0.03159750616519815,0.9688964784676322
19.41813141683778,0.03159750616519815,0.9688964784676322
19.4205954825462,0.03159750616519815,0.9688964784676322
19.446242299794662,0.03177985092693995,0.9687198213768505
19.44911704312115,0.03177985092693995,0.9687198213768505
19.449260780287474,0.03177985092693995,0.9687198213768505
19.481971252566733,0.03177985092693995,0.9687198213768505
19.481991786447637,0.03177985092693995,0.9687198213768505
19.486714579055445,0.03177985092693995,0.9687198213768505
19.510574948665298,0.03177985092693995,0.9687198213768505
19.517967145790553,0.03177985092693995,0.9687198213768505
19.51911704312115,0.031962494139314575,0.9685429074333406
19.545112936344967,0.031962494139314575,0.9685429074333406
19.546242299794663,0.031962494139314575,0.9685429074333406
19.547741273100616,0.031962494139314575,0.9685429074333406
19.551971252566734,0.031962494139314575,0.9685429074333406
19.57624229979466,0.031962494139314575,0.9685429074333406
19.58494866529774,0.032145715179983964,0.9683654662498832
19.609158110882955,0.032145715179983964,0.9683654662498832
19.616242299794663,0.032145715179983964,0.9683654662498832
19.616386036960986,0.032145715179983964,0.9683654662498832
19.64624229979466,0.032145715179983964,0.9683654662498832
19.647679671457905,0.032145715179983964,0.9683654662498832
19.65071868583162,0.032145715179983964,0.9683654662498832
19.676242299794662,0.032145715179983964,0.9683654662498832
19.679199178644765,0.032145715179983964,0.9683654662498832
19.71488706365503,0.032145715179983964,0.9683654662498832
19.71624229979466,0.032145715179983964,0.9683654662498832
19.746242299794663,0.032145715179983964,0.9683654662498832
19.776242299794664,0.032145715179983964,0.9683654662498832
19.806262833675564,0.032145715179983964,0.9683654662498832
19.806283367556468,0.032145715179983964,0.9683654662498832
19.811683778234087,0.032145715179983964,0.9683654662498832
19.846242299794664,0.032145715179983964,0.9683654662498832
19.87624229979466,0.032145715179983964,0.9683654662498832
19.87845995893224,0.032145715179983964,0.9683654662498832
19.87911704312115,0.03233086741386264,0.9681861878180092
19.90482546201232,0.03233086741386264,0.9681861878180092
19.907679671457906,0.03233086741386264,0.9681861878180092
19.909158110882956,0.03233086741386264,0.9681861878180092
19.90930184804928,0.03233086741386264,0.9681861878180092
19.944825462012318,0.03251630921237073,0.9680066622763338
19.946242299794662,0.032701956755742605,0.9678269708976621
19.976242299794663,0.032701956755742605,0.9678269708976621
20.003388090349077,0.03288766400920302,0.9676472550968522
20.006242299794664,0.03288766400920302,0.9676472550968522
20.04486652977413,0.03288766400920302,0.9676472550968522
20.07069815195072,0.03288766400920302,0.9676472550968522
20.106242299794662,0.03307354547037508,0.967467404127174
20.107761806981518,0.033259779398270024,0.9672872456487244
20.13671457905544,0.033259779398270024,0.9672872456487244
20.17248459958932,0.033259779398270024,0.9672872456487244
20.173552361396304,0.033259779398270024,0.9672872456487244
20.176242299794662,0.03363325860349318,0.9669260514304603
20.20340862422998,0.03363325860349318,0.9669260514304603
20.206242299794663,0.03363325860349318,0.9669260514304603
20.23624229979466,0.03363325860349318,0.9669260514304603
20.236283367556467,0.03363325860349318,0.9669260514304603
20.239219712525667,0.03363325860349318,0.9669260514304603
20.240616016427104,0.03363325860349318,0.9669260514304603
20.240944558521562,0.03363325860349318,0.9669260514304603
20.266242299794662,0.03363325860349318,0.9669260514304603
20.2723613963039,0.03363325860349318,0.9669260514304603
20.30053388090349,0.03363325860349318,0.9669260514304603
20.30624229979466,0.03363325860349318,0.9669260514304603
20.333675564681723,0.03363325860349318,0.9669260514304603
20.336242299794662,0.03363325860349318,0.9669260514304603
20.336262833675566,0.03363325860349318,0.9669260514304603
20.366242299794663,0.03363325860349318,0.9669260514304603
20.40338809034908,0.03363325860349318,0.9669260514304603
20.406242299794663,0.03363325860349318,0.9669260514304603
20.436242299794664,0.03363325860349318,0.9669260514304603
20.43770020533881,0.03363325860349318,0.9669260514304603
20.46624229979466,0.03363325860349318,0.9669260514304603
20.496242299794663,0.03363325860349318,0.9669260514304603
20.503388090349077,0.03363325860349318,0.9669260514304603
20.50482546201232,0.0338217049611835,0.9667438549055872
20.533511293634497,0.0338217049611835,0.9667438549055872
20.53488706365503,0.03401026978390296,0.9665615782079985
20.53624229979466,0.03401026978390296,0.9665615782079985
20.563429158110882,0.03401026978390296,0.9665615782079985
20.566242299794663,0.03401026978390296,0.9665615782079985
20.596242299794664,0.03401026978390296,0.9665615782079985
20.600533880903487,0.03419902423017453,0.9663791526298776
20.636242299794663,0.03419902423017453,0.9663791526298776
20.662073921971253,0.03419902423017453,0.9663791526298776
20.66624229979466,0.03419902423017453,0.9663791526298776
20.666324435318277,0.03419902423017453,0.9663791526298776
20.696242299794662,0.03419902423017453,0.9663791526298776
20.697679671457905,0.03419902423017453,0.9663791526298776
20.70065708418891,0.03419902423017453,0.9663791526298776
20.726242299794663,0.034577757414017876,0.9660132220759982
20.72628336755647,0.034577757414017876,0.9660132220759982
20.73053388090349,0.034577757414017876,0.9660132220759982
20.733388090349077,0.0347673236072742,0.9658301159827648
20.766242299794662,0.0347673236072742,0.9658301159827648
20.796242299794663,0.034957014586049384,0.9656469240982067
20.82624229979466,0.034957014586049384,0.9656469240982067
20.86340862422998,0.034957014586049384,0.9656469240982067
20.866242299794663,0.03514721384038495,0.9654632762386884
20.890636550308006,0.03514721384038495,0.9654632762386884
20.891971252566734,0.03514721384038495,0.9654632762386884
20.897679671457905,0.03514721384038495,0.9654632762386884
20.923470225872688,0.03514721384038495,0.9654632762386884
20.926242299794662,0.03514721384038495,0.9654632762386884
20.927679671457906,0.03514721384038495,0.9654632762386884
20.95794661190965,0.03514721384038495,0.9654632762386884
20.959199178644763,0.03514721384038495,0.9654632762386884
20.989301848049283,0.03514721384038495,0.9654632762386884
20.996242299794663,0.03514721384038495,0.9654632762386884
21.02340862422998,0.03514721384038495,0.9654632762386884
21.026242299794664,0.03514721384038495,0.9654632762386884
21.02917864476386,0.03514721384038495,0.9654632762386884
21.05624229979466,0.03514721384038495,0.9654632762386884
21.08778234086242,0.03514721384038495,0.9654632762386884
21.08911704312115,0.03514721384038495,0.9654632762386884
21.09053388090349,0.03514721384038495,0.9654632762386884
21.096242299794664,0.03514721384038495,0.9654632762386884
21.122073921971253,0.03514721384038495,0.9654632762386884
21.123429158110884,0.03514721384038495,0.9654632762386884
21.123449691991787,0.03533844948354822,0.9652786629009942
21.15340862422998,0.03533844948354822,0.9652786629009942
21.156242299794663,0.03533844948354822,0.9652786629009942
21.159137577002053,0.03533844948354822,0.9652786629009942
21.160616016427102,0.03533844948354822,0.9652786629009942
21.16205338809035,0.03533844948354822,0.9652786629009942
21.186242299794664,0.03533844948354822,0.9652786629009942
21.19484599589322,0.03553016431869447,0.9650936223993374
21.22199178644764,0.03553016431869447,0.9650936223993374
21.22338809034908,0.03553016431869447,0.9650936223993374
21.226242299794663,0.03553016431869447,0.9650936223993374
21.22640657084189,0.03553016431869447,0.9650936223993374
21.22659137577002,0.03553016431869447,0.9650936223993374
21.252156057494865,0.03553016431869447,0.9650936223993374
21.253572895277205,0.03553016431869447,0.9650936223993374
21.25482546201232,0.03553016431869447,0.9650936223993374
21.260225872689936,0.03553016431869447,0.9650936223993374
21.286509240246406,0.03553016431869447,0.9650936223993374
21.287802874743328,0.03553016431869447,0.9650936223993374
21.32624229979466,0.03553016431869447,0.9650936223993374
21.356242299794662,0.03553016431869447,0.9650936223993374
21.35628336755647,0.03553016431869447,0.9650936223993374
21.357905544147844,0.03553016431869447,0.9650936223993374
21.359342915811087,0.03553016431869447,0.9650936223993374
21.386242299794663,0.03553016431869447,0.9650936223993374
21.387679671457903,0.03553016431869447,0.9650936223993374
21.391745379876795,0.03553016431869447,0.9650936223993374
21.41624229979466,0.03553016431869447,0.9650936223993374
21.44911704312115,0.03553016431869447,0.9650936223993374
21.449158110882955,0.03553016431869447,0.9650936223993374
21.45211498973306,0.03553016431869447,0.9650936223993374
21.456242299794663,0.03553016431869447,0.9650936223993374
21.458193018480493,0.03553016431869447,0.9650936223993374
21.48482546201232,0.03553016431869447,0.9650936223993374
21.48624229979466,0.03572367486828857,0.9649068846705001
21.52053388090349,0.03572367486828857,0.9649068846705001
21.520800821355234,0.03572367486828857,0.9649068846705001
21.52215605749487,0.03572367486828857,0.9649068846705001
21.52240246406571,0.03591771947804421,0.964719667855408
21.586242299794662,0.03591771947804421,0.964719667855408
21.586488706365504,0.03591771947804421,0.964719667855408
21.58924024640657,0.03591771947804421,0.964719667855408
21.616242299794663,0.03591771947804421,0.964719667855408
21.620800821355235,0.03591771947804421,0.964719667855408
21.64624229979466,0.03591771947804421,0.964719667855408
21.646262833675564,0.03591771947804421,0.964719667855408
21.679178644763862,0.036112190706758945,0.9645320758774474
21.680554414784396,0.036112190706758945,0.9645320758774474
21.682320328542097,0.036112190706758945,0.9645320758774474
21.684928131416836,0.036112190706758945,0.9645320758774474
21.685687885010267,0.036112190706758945,0.9645320758774474
21.68640657084189,0.036112190706758945,0.9645320758774474
21.713552361396303,0.036112190706758945,0.9645320758774474
21.714928131416837,0.036112190706758945,0.9645320758774474
21.746242299794663,0.036112190706758945,0.9645320758774474
21.74632443531827,0.036112190706758945,0.9645320758774474
21.747679671457906,0.036112190706758945,0.9645320758774474
21.749322381930185,0.036112190706758945,0.9645320758774474
21.753388090349077,0.03630740129956558,0.9643438073757351
21.77776180698152,0.03630740129956558,0.9643438073757351
21.78211498973306,0.03630740129956558,0.9643438073757351
21.783388090349078,0.036502790780613706,0.9641554031463616
21.783613963039016,0.036502790780613706,0.9641554031463616
21.78624229979466,0.036502790780613706,0.9641554031463616
21.81082135523614,0.036502790780613706,0.9641554031463616
21.816242299794663,0.036502790780613706,0.9641554031463616
21.846242299794664,0.036502790780613706,0.9641554031463616
21.87624229979466,0.036502790780613706,0.9641554031463616
21.91624229979466,0.036502790780613706,0.9641554031463616
21.916365503080083,0.036502790780613706,0.9641554031463616
21.946242299794662,0.036502790780613706,0.9641554031463616
21.94911704312115,0.036502790780613706,0.9641554031463616
21.976242299794663,0.03669902730157598,0.9639662192073873
21.982032854209447,0.03669902730157598,0.9639662192073873
22.010698151950717,0.03669902730157598,0.9639662192073873
22.07624229979466,0.03669902730157598,0.9639662192073873
22.076262833675564,0.03669902730157598,0.9639662192073873
22.077679671457904,0.03669902730157598,0.9639662192073873
22.07917864476386,0.03669902730157598,0.9639662192073873
22.080533880903488,0.0368957609595788,0.9637765932604062
22.106242299794662,0.03709255330526235,0.9635869480648771
22.109199178644765,0.03709255330526235,0.9635869480648771
22.113449691991786,0.03728940550716145,0.9633972825210817
22.140616016427103,0.03728940550716145,0.9633972825210817
22.14624229979466,0.03728940550716145,0.9633972825210817
22.176242299794662,0.03728940550716145,0.9633972825210817
22.17911704312115,0.03728940550716145,0.9633972825210817
22.206242299794663,0.03728940550716145,0.9633972825210817
22.206262833675567,0.03728940550716145,0.9633972825210817
22.207782340862423,0.03728940550716145,0.9633972825210817
22.213470225872687,0.03728940550716145,0.9633972825210817
22.246242299794663,0.03728940550716145,0.9633972825210817
22.27482546201232,0.03728940550716145,0.9633972825210817
22.276242299794664,0.03728940550716145,0.9633972825210817
22.27634496919918,0.03728940550716145,0.9633972825210817
22.277679671457904,0.03728940550716145,0.9633972825210817
22.336242299794662,0.037487169099520684,0.9632067764518244
22.336344969199178,0.037487169099520684,0.9632067764518244
22.340595482546203,0.037487169099520684,0.9632067764518244
22.343675564681728,0.037487169099520684,0.9632067764518244
22.37624229979466,0.037685305990957034,0.9630159485609747
22.40342915811088,0.037685305990957034,0.9630159485609747
22.406242299794663,0.037685305990957034,0.9630159485609747
22.406262833675566,0.037685305990957034,0.9630159485609747
22.407782340862422,0.037685305990957034,0.9630159485609747
22.436242299794664,0.037685305990957034,0.9630159485609747
22.44053388090349,0.037685305990957034,0.9630159485609747
22.443388090349078,0.037685305990957034,0.9630159485609747
22.469158110882955,0.037685305990957034,0.9630159485609747
22.47201232032854,0.037685305990957034,0.9630159485609747
22.50053388090349,0.03788392208603491,0.962824697087213
22.500554414784396,0.03788392208603491,0.962824697087213
22.5005749486653,0.03788392208603491,0.962824697087213
22.505010266940452,0.03788392208603491,0.962824697087213
22.506242299794664,0.03788392208603491,0.962824697087213
22.508624229979468,0.03788392208603491,0.962824697087213
22.566242299794663,0.03788392208603491,0.962824697087213
22.566262833675566,0.03808278137997645,0.9626332494839592
22.56924024640657,0.03808278137997645,0.9626332494839592
22.574845995893224,0.03808278137997645,0.9626332494839592
22.602032854209448,0.03808278137997645,0.9626332494839592
22.60628336755647,0.03808278137997645,0.9626332494839592
22.631971252566736,0.038281929694519455,0.9624415617825762
22.63199178644764,0.038281929694519455,0.9624415617825762
22.636242299794663,0.038281929694519455,0.9624415617825762
22.636940451745378,0.038281929694519455,0.9624415617825762
22.637227926078033,0.038281929694519455,0.9624415617825762
22.64053388090349,0.038281929694519455,0.9624415617825762
22.66482546201232,0.038281929694519455,0.9624415617825762
22.671971252566735,0.03848145635782961,0.962249548185676
22.69911704312115,0.03848145635782961,0.962249548185676
22.703449691991786,0.03848145635782961,0.962249548185676
22.70482546201232,0.03848145635782961,0.962249548185676
22.706242299794663,0.03848145635782961,0.962249548185676
22.732012320328543,0.03868122731636946,0.962057337870739
22.737679671457904,0.038881032932035424,0.961865132614524
22.739199178644764,0.038881032932035424,0.961865132614524
22.76338809034908,0.038881032932035424,0.961865132614524
22.76340862422998,0.038881032932035424,0.961865132614524
22.766242299794662,0.038881032932035424,0.961865132614524
22.770554414784396,0.038881032932035424,0.961865132614524
22.796242299794663,0.038881032932035424,0.961865132614524
22.79630390143737,0.038881032932035424,0.961865132614524
22.802238193018482,0.03908171892531618,0.9616721191231831
22.80240246406571,0.03908171892531618,0.9616721191231831
22.80340862422998,0.039282441926687846,0.9614791087805529
22.805092402464066,0.039282441926687846,0.9614791087805529
22.83484599589322,0.039282441926687846,0.9614791087805529
22.836242299794662,0.039282441926687846,0.9614791087805529
22.836303901437372,0.03948337711530266,0.9612859332030164
22.837926078028747,0.03948337711530266,0.9612859332030164
22.861971252566736,0.03948337711530266,0.9612859332030164
22.866242299794663,0.03948337711530266,0.9612859332030164
22.89624229979466,0.03948337711530266,0.9612859332030164
22.89770020533881,0.03948337711530266,0.9612859332030164
22.927720739219712,0.03948337711530266,0.9612859332030164
22.933388090349077,0.03948337711530266,0.9612859332030164
22.96482546201232,0.03948337711530266,0.9612859332030164
22.96624229979466,0.03948337711530266,0.9612859332030164
22.966262833675565,0.03948337711530266,0.9612859332030164
22.99482546201232,0.03948337711530266,0.9612859332030164
22.996427104722795,0.03948337711530266,0.9612859332030164
22.997741273100615,0.03948337711530266,0.9612859332030164
22.99782340862423,0.03948337711530266,0.9612859332030164
22.99926078028747,0.039685418841405896,0.9610917329527308
23.026242299794664,0.039887487140258165,0.9608975464013458
23.026283367556466,0.039887487140258165,0.9608975464013458
23.027679671457904,0.039887487140258165,0.9608975464013458
23.029137577002054,0.039887487140258165,0.9608975464013458
23.03494866529774,0.039887487140258165,0.9608975464013458
23.0605954825462,0.039887487140258165,0.9608975464013458
23.064845995893222,0.040090245695030245,0.9607027359539633
23.066242299794663,0.04029320049725057,0.9605077765048426
23.10143737166325,0.04029320049725057,0.9605077765048426
23.127843942505134,0.04029320049725057,0.9605077765048426
23.129281314168377,0.04029320049725057,0.9605077765048426
23.1305749486653,0.04029320049725057,0.9605077765048426
23.13217659137577,0.040496530843770966,0.9603124959797116
23.16219712525667,0.040496530843770966,0.9603124959797116
23.164928131416836,0.04070014381991715,0.9601169837994586
23.19053388090349,0.04070014381991715,0.9601169837994586
23.22630390143737,0.04070014381991715,0.9601169837994586
23.226878850102672,0.04070014381991715,0.9601169837994586
23.230554414784397,0.040903920194212594,0.9599213545745846
23.256242299794664,0.040903920194212594,0.9599213545745846
23.25677618069815,0.040903920194212594,0.9599213545745846
23.290616016427105,0.04110810170791711,0.9597253763876126
23.296242299794663,0.04131233481842442,0.9595293887030285
23.324455852156053,0.04131233481842442,0.9595293887030285
23.32624229979466,0.04131233481842442,0.9595293887030285
23.356242299794662,0.04131233481842442,0.9595293887030285
23.356262833675565,0.04131233481842442,0.9595293887030285
23.359876796714577,0.04131233481842442,0.9595293887030285
23.394907597535934,0.04131233481842442,0.9595293887030285
23.426242299794662,0.04131233481842442,0.9595293887030285
23.456242299794663,0.04131233481842442,0.9595293887030285
23.46053388090349,0.04131233481842442,0.9595293887030285
23.49338809034908,0.04151742738003048,0.9593326165417062
23.494907597535935,0.04151742738003048,0.9593326165417062
23.51911704312115,0.04151742738003048,0.9593326165417062
23.52535934291581,0.04151742738003048,0.9593326165417062
23.526242299794664,0.04151742738003048,0.9593326165417062
23.552525667351134,0.04151742738003048,0.9593326165417062
23.55624229979466,0.04172315254584605,0.9591352779795461
23.56053388090349,0.04172315254584605,0.9591352779795461
23.586242299794662,0.04172315254584605,0.9591352779795461
23.591991786447636,0.04172315254584605,0.9591352779795461
23.59205338809035,0.04192932444090917,0.9589375516251721
23.593388090349077,0.04192932444090917,0.9589375516251721
23.61911704312115,0.04192932444090917,0.9589375516251721
23.623511293634497,0.04192932444090917,0.9589375516251721
23.624866529774128,0.04192932444090917,0.9589375516251721
23.62624229979466,0.04192932444090917,0.9589375516251721
23.656242299794663,0.04192932444090917,0.9589375516251721
23.659158110882956,0.04192932444090917,0.9589375516251721
23.686242299794664,0.04192932444090917,0.9589375516251721
23.689137577002054,0.04192932444090917,0.9589375516251721
23.751971252566733,0.04192932444090917,0.9589375516251721
23.756242299794664,0.04192932444090917,0.9589375516251721
23.783388090349078,0.04192932444090917,0.9589375516251721
23.79088295687885,0.04192932444090917,0.9589375516251721
23.814845995893222,0.04192932444090917,0.9589375516251721
23.81911704312115,0.04192932444090917,0.9589375516251721
23.823388090349077,0.04192932444090917,0.9589375516251721
23.847679671457904,0.04192932444090917,0.9589375516251721
23.854825462012318,0.04192932444090917,0.9589375516251721
23.856262833675565,0.04192932444090917,0.9589375516251721
23.946242299794662,0.04192932444090917,0.9589375516251721
23.9805749486653,0.04192932444090917,0.9589375516251721
23.98494866529774,0.04192932444090917,0.9589375516251721
23.98624229979466,0.04192932444090917,0.9589375516251721
23.986262833675564,0.04192932444090917,0.9589375516251721
24.01338809034908,0.04192932444090917,0.9589375516251721
24.016242299794662,0.04192932444090917,0.9589375516251721
24.046242299794663,0.04192932444090917,0.9589375516251721
24.05205338809035,0.04192932444090917,0.9589375516251721
24.077720739219714,0.04192932444090917,0.9589375516251721
24.081971252566735,0.04192932444090917,0.9589375516251721
24.086242299794662,0.04192932444090917,0.9589375516251721
24.112073921971252,0.04192932444090917,0.9589375516251721
24.116262833675567,0.04192932444090917,0.9589375516251721
24.116386036960986,0.04213769534396817,0.9587377577578999
24.11782340862423,0.04213769534396817,0.9587377577578999
24.14624229979466,0.04213769534396817,0.9587377577578999
24.176242299794662,0.04213769534396817,0.9587377577578999
24.176406570841888,0.04213769534396817,0.9587377577578999
24.18445585215606,0.04213769534396817,0.9587377577578999
24.21624229979466,0.04213769534396817,0.9587377577578999
24.246468172484597,0.04213769534396817,0.9587377577578999
24.274969199178646,0.04213769534396817,0.9587377577578999
24.276242299794664,0.04213769534396817,0.9587377577578999
24.282217659137576,0.04213769534396817,0.9587377577578999
24.310574948665298,0.04213769534396817,0.9587377577578999
24.37624229979466,0.04213769534396817,0.9587377577578999
24.381971252566736,0.04234662360390236,0.9585374712699207
24.406242299794663,0.04234662360390236,0.9585374712699207
24.40689938398357,0.04234662360390236,0.9585374712699207
24.407823408624232,0.04234662360390236,0.9585374712699207
24.413388090349077,0.04234662360390236,0.9585374712699207
24.439999999999998,0.04234662360390236,0.9585374712699207
24.44106776180698,0.04234662360390236,0.9585374712699207
24.446242299794662,0.04234662360390236,0.9585374712699207
24.447761806981518,0.04234662360390236,0.9585374712699207
24.476242299794663,0.04234662360390236,0.9585374712699207
24.480616016427103,0.04234662360390236,0.9585374712699207
24.541971252566736,0.04234662360390236,0.9585374712699207
24.546242299794663,0.04234662360390236,0.9585374712699207
24.57624229979466,0.04234662360390236,0.9585374712699207
24.606242299794662,0.04234662360390236,0.9585374712699207
24.612094455852155,0.04234662360390236,0.9585374712699207
24.636242299794663,0.04234662360390236,0.9585374712699207
24.64053388090349,0.04234662360390236,0.9585374712699207
24.642299794661188,0.04234662360390236,0.9585374712699207
24.644907597535934,0.04234662360390236,0.9585374712699207
24.644969199178643,0.04234662360390236,0.9585374712699207
24.67338809034908,0.04234662360390236,0.9585374712699207
24.67632443531828,0.04234662360390236,0.9585374712699207
24.704948665297746,0.04234662360390236,0.9585374712699207
24.706242299794663,0.04234662360390236,0.9585374712699207
24.710780287474336,0.04234662360390236,0.9585374712699207
24.73624229979466,0.04234662360390236,0.9585374712699207
24.776242299794664,0.04234662360390236,0.9585374712699207
24.80082135523614,0.04234662360390236,0.9585374712699207
24.807864476386037,0.04234662360390236,0.9585374712699207
24.83338809034908,0.04234662360390236,0.9585374712699207
24.834928131416838,0.04234662360390236,0.9585374712699207
24.834989733059547,0.04234662360390236,0.9585374712699207
24.836242299794662,0.04234662360390236,0.9585374712699207
24.837679671457906,0.04234662360390236,0.9585374712699207
24.840595482546203,0.04234662360390236,0.9585374712699207
24.866242299794663,0.04234662360390236,0.9585374712699207
24.86786447638604,0.04234662360390236,0.9585374712699207
24.86911704312115,0.04234662360390236,0.9585374712699207
24.90486652977413,0.04234662360390236,0.9585374712699207
24.906242299794663,0.04234662360390236,0.9585374712699207
24.907679671457906,0.04234662360390236,0.9585374712699207
24.936242299794664,0.04234662360390236,0.9585374712699207
24.937782340862423,0.04234662360390236,0.9585374712699207
24.94053388090349,0.042558039542085056,0.9583348425913697
24.97217659137577,0.042558039542085056,0.9583348425913697
25.005297741273104,0.042558039542085056,0.9583348425913697
25.030554414784394,0.042558039542085056,0.9583348425913697
25.03624229979466,0.04276959040229908,0.9581321274740812
25.063449691991785,0.043193044654095666,0.9577264882418095
25.065297741273106,0.043193044654095666,0.9577264882418095
25.066570841889114,0.043193044654095666,0.9577264882418095
25.10205338809035,0.043193044654095666,0.9577264882418095
25.10338809034908,0.043193044654095666,0.9577264882418095
25.135462012320332,0.043193044654095666,0.9577264882418095
25.13770020533881,0.043193044654095666,0.9577264882418095
25.162238193018478,0.043193044654095666,0.9577264882418095
25.16624229979466,0.043193044654095666,0.9577264882418095
25.196242299794662,0.043193044654095666,0.9577264882418095
25.201971252566736,0.043193044654095666,0.9577264882418095
25.202053388090352,0.043193044654095666,0.9577264882418095
25.203388090349076,0.043193044654095666,0.9577264882418095
25.227946611909648,0.043193044654095666,0.9577264882418095
25.263429158110885,0.043193044654095666,0.9577264882418095
25.29340862422998,0.043193044654095666,0.9577264882418095
25.297679671457903,0.04340574146428355,0.9575228045349333
25.29930184804928,0.04340574146428355,0.9575228045349333
25.32624229979466,0.04340574146428355,0.9575228045349333
25.32636550308008,0.04340574146428355,0.9575228045349333
25.326386036960987,0.04340574146428355,0.9575228045349333
25.327679671457904,0.04340574146428355,0.9575228045349333
25.362320328542097,0.04340574146428355,0.9575228045349333
25.366447638603695,0.04340574146428355,0.9575228045349333
25.39624229979466,0.04340574146428355,0.9575228045349333
25.424887063655028,0.04340574146428355,0.9575228045349333
25.426242299794662,0.04340574146428355,0.9575228045349333
25.43053388090349,0.04340574146428355,0.9575228045349333
25.46624229979466,0.04340574146428355,0.9575228045349333
25.490533880903488,0.04340574146428355,0.9575228045349333
25.4934907597536,0.04340574146428355,0.9575228045349333
25.496242299794663,0.04340574146428355,0.9575228045349333
25.526283367556466,0.04340574146428355,0.9575228045349333
25.53211498973306,0.04362007864043106,0.9573175937938435
25.55624229979466,0.04362007864043106,0.9573175937938435
25.56053388090349,0.04362007864043106,0.9573175937938435
25.56340862422998,0.04383468222336886,0.9571121720511153
25.591971252566736,0.04383468222336886,0.9571121720511153
25.59482546201232,0.04383468222336886,0.9571121720511153
25.596242299794664,0.04383468222336886,0.9571121720511153
25.597885010266936,0.04383468222336886,0.9571121720511153
25.656242299794663,0.04383468222336886,0.9571121720511153
25.696242299794662,0.04383468222336886,0.9571121720511153
25.726242299794663,0.04383468222336886,0.9571121720511153
25.726365503080086,0.04383468222336886,0.9571121720511153
25.727679671457903,0.04383468222336886,0.9571121720511153
25.753388090349077,0.04383468222336886,0.9571121720511153
25.78636550308008,0.04383468222336886,0.9571121720511153
25.786406570841887,0.04383468222336886,0.9571121720511153
25.78659137577002,0.04383468222336886,0.9571121720511153
25.793572895277208,0.04383468222336886,0.9571121720511153
25.820554414784397,0.04383468222336886,0.9571121720511153
25.820636550308013,0.04383468222336886,0.9571121720511153
25.82624229979466,0.04383468222336886,0.9571121720511153
25.856242299794662,0.04383468222336886,0.9571121720511153
25.88484599589322,0.04383468222336886,0.9571121720511153
25.918069815195068,0.04383468222336886,0.9571121720511153
25.95053388090349,0.04383468222336886,0.9571121720511153
25.956242299794663,0.04405091262764981,0.9569052376727689
25.98624229979466,0.04405091262764981,0.9569052376727689
25.987720739219714,0.04405091262764981,0.9569052376727689
26.016242299794662,0.04405091262764981,0.9569052376727689
26.01632443531828,0.04405091262764981,0.9569052376727689
26.054928131416837,0.04405091262764981,0.9569052376727689
26.05624229979466,0.04405091262764981,0.9569052376727689
26.081991786447638,0.04426771954201443,0.9566977964890038
26.08338809034908,0.04426771954201443,0.9566977964890038
26.086242299794662,0.04426771954201443,0.9566977964890038
26.09053388090349,0.044484885216559966,0.956490057124439
26.116242299794663,0.04470214626718608,0.956282271662376
26.1476796714579,0.04470214626718608,0.956282271662376
26.15379876796715,0.04470214626718608,0.956282271662376
26.183449691991786,0.04470214626718608,0.956282271662376
26.186242299794664,0.04470214626718608,0.956282271662376
26.216242299794665,0.04470214626718608,0.956282271662376
26.21930184804928,0.04470214626718608,0.956282271662376
26.22065708418891,0.04470214626718608,0.956282271662376
26.24624229979466,0.04470214626718608,0.956282271662376
26.25211498973306,0.04470214626718608,0.956282271662376
26.280554414784397,0.04470214626718608,0.956282271662376
26.280657084188913,0.04470214626718608,0.956282271662376
26.286242299794665,0.04492048518280462,0.956073500820385
26.315195071868583,0.04492048518280462,0.956073500820385
26.31624229979466,0.04492048518280462,0.956073500820385
26.317905544147845,0.04492048518280462,0.956073500820385
26.31913757700205,0.04492048518280462,0.956073500820385
26.319486652977414,0.04492048518280462,0.956073500820385
26.320533880903486,0.04492048518280462,0.956073500820385
26.34624229979466,0.04492048518280462,0.956073500820385
26.347679671457904,0.04492048518280462,0.956073500820385
26.379281314168377,0.04492048518280462,0.956073500820385
26.38624229979466,0.04492048518280462,0.956073500820385
26.386837782340862,0.04492048518280462,0.956073500820385
26.41624229979466,0.04492048518280462,0.956073500820385
26.446242299794662,0.04492048518280462,0.956073500820385
26.450616016427105,0.04492048518280462,0.956073500820385
26.476242299794663,0.04513976888508449,0.955863872468354
26.48053388090349,0.04513976888508449,0.955863872468354
26.516242299794662,0.04513976888508449,0.955863872468354
26.51782340862423,0.04513976888508449,0.955863872468354
26.544907597535932,0.04513976888508449,0.955863872468354
26.549117043121147,0.04513976888508449,0.955863872468354
26.607679671457902,0.04513976888508449,0.955863872468354
26.646242299794665,0.045359738154753214,0.9556536349141728
26.676242299794666,0.045359738154753214,0.9556536349141728
26.677823408624228,0.045359738154753214,0.9556536349141728
26.682012320328543,0.045359738154753214,0.9556536349141728
26.70624229979466,0.045359738154753214,0.9556536349141728
26.711971252566734,0.045359738154753214,0.9556536349141728
26.743388090349075,0.045359738154753214,0.9556536349141728
26.74624229979466,0.045580261315702225,0.9554429143890611
26.780533880903487,0.045580261315702225,0.9554429143890611
26.837864476386038,0.045580261315702225,0.9554429143890611
26.839301848049285,0.045580261315702225,0.9554429143890611
26.846324435318277,0.045580261315702225,0.9554429143890611
26.872053388090347,0.045580261315702225,0.9554429143890611
26.873408624229977,0.04580108164238996,0.9552319564653303
26.908398357289528,0.04580108164238996,0.9552319564653303
26.936242299794664,0.04580108164238996,0.9552319564653303
26.94515400410678,0.04580108164238996,0.9552319564653303
26.97338809034908,0.04580108164238996,0.9552319564653303
26.976242299794663,0.04580108164238996,0.9552319564653303
27.001971252566733,0.04580108164238996,0.9552319564653303
27.006242299794664,0.04602238019420645,0.9550205884053011
27.00792607802875,0.04602238019420645,0.9550205884053011
27.036242299794665,0.04602238019420645,0.9550205884053011
27.036386036960987,0.04602238019420645,0.9550205884053011
27.070533880903486,0.04602238019420645,0.9550205884053011
27.07205338809035,0.04602238019420645,0.9550205884053011
27.07223819301848,0.04602238019420645,0.9550205884053011
27.07338809034908,0.04602238019420645,0.9550205884053011
27.13624229979466,0.04602238019420645,0.9550205884053011
27.137679671457903,0.04602238019420645,0.9550205884053011
27.16624229979466,0.04602238019420645,0.9550205884053011
27.20347022587269,0.04602238019420645,0.9550205884053011
27.207700205338814,0.04602238019420645,0.9550205884053011
27.207843942505136,0.04602238019420645,0.9550205884053011
27.23917864476386,0.04602238019420645,0.9550205884053011
27.266242299794662,0.04602238019420645,0.9550205884053011
27.266344969199178,0.04602238019420645,0.9550205884053011
27.333737166324433,0.04602238019420645,0.9550205884053011
27.336242299794662,0.04602238019420645,0.9550205884053011
27.337679671457906,0.04602238019420645,0.9550205884053011
27.366242299794663,0.04624505270985309,0.9548079552430457
27.367679671457907,0.04624505270985309,0.9548079552430457
27.396242299794665,0.04624505270985309,0.9548079552430457
27.436262833675563,0.04624505270985309,0.9548079552430457
27.43630390143737,0.04624505270985309,0.9548079552430457
27.43632443531828,0.04624505270985309,0.9548079552430457
27.466242299794665,0.04624505270985309,0.9548079552430457
27.49624229979466,0.04624505270985309,0.9548079552430457
27.501971252566733,0.046469166887962314,0.9545939932197613
27.50211498973306,0.046469166887962314,0.9545939932197613
27.536242299794665,0.04669336683392745,0.9543799972878974
27.536509240246403,0.04669336683392745,0.9543799972878974
27.56053388090349,0.04669336683392745,0.9543799972878974
27.566262833675566,0.04669336683392745,0.9543799972878974
27.59347022587269,0.04669336683392745,0.9543799972878974
27.62624229979466,0.04691792205921709,0.9541657103331227
27.66624229979466,0.04691792205921709,0.9541657103331227
27.667720739219714,0.04691792205921709,0.9541657103331227
27.69482546201232,0.04691792205921709,0.9541657103331227
27.696242299794662,0.04691792205921709,0.9541657103331227
27.699117043121152,0.04691792205921709,0.9541657103331227
27.69915811088296,0.04691792205921709,0.9541657103331227
27.726242299794663,0.04714306887379088,0.9539509071448998
27.72630390143737,0.04714306887379088,0.9539509071448998
27.729527720739217,0.04736832906433523,0.9537360441827308
27.732012320328547,0.04736832906433523,0.9537360441827308
27.790533880903492,0.04736832906433523,0.9537360441827308
27.791971252566732,0.04736832906433523,0.9537360441827308
27.794188911704314,0.04736832906433523,0.9537360441827308
27.826242299794664,0.04736832906433523,0.9537360441827308
27.826468172484603,0.04736832906433523,0.9537360441827308
27.85632443531827,0.04736832906433523,0.9537360441827308
27.85774127310062,0.04736832906433523,0.9537360441827308
27.857782340862425,0.04736832906433523,0.9537360441827308
27.859466119096513,0.04736832906433523,0.9537360441827308
27.894845995893224,0.04736832906433523,0.9537360441827308
27.923511293634498,0.047594472204186236,0.9535203877046459
27.95624229979466,0.047594472204186236,0.9535203877046459
27.96069815195072,0.047594472204186236,0.9535203877046459
27.98778234086242,0.047820749983143895,0.9533046516381847
27.99071868583162,0.04804711982578773,0.9530888766375997
27.99624229979466,0.04804711982578773,0.9530888766375997
28.02624229979466,0.04804711982578773,0.9530888766375997
28.02911704312115,0.04804711982578773,0.9530888766375997
28.05624229979466,0.04827384953474055,0.9528728075695575
28.06053388090349,0.04827384953474055,0.9528728075695575
28.086242299794662,0.04827384953474055,0.9528728075695575
28.087864476386038,0.04827384953474055,0.9528728075695575
28.094969199178646,0.04827384953474055,0.9528728075695575
28.122053388090347,0.04827384953474055,0.9528728075695575
28.12624229979466,0.04827384953474055,0.9528728075695575
28.156242299794663,0.04850141503936326,0.9526559912591539
28.156509240246407,0.04850141503936326,0.9526559912591539
28.160718685831622,0.04850141503936326,0.9526559912591539
28.226242299794663,0.04850141503936326,0.9526559912591539
28.254866529774127,0.04850141503936326,0.9526559912591539
28.286242299794665,0.04850141503936326,0.9526559912591539
28.286447638603697,0.04850141503936326,0.9526559912591539
28.31624229979466,0.04850141503936326,0.9526559912591539
28.316365503080082,0.04850141503936326,0.9526559912591539
28.32340862422998,0.04850141503936326,0.9526559912591539
28.323716632443535,0.04850141503936326,0.9526559912591539
28.356242299794665,0.04850141503936326,0.9526559912591539
28.38624229979466,0.04850141503936326,0.9526559912591539
28.387679671457903,0.04873032058289158,0.9524379479782891
28.389281314168382,0.04873032058289158,0.9524379479782891
28.41482546201232,0.04873032058289158,0.9524379479782891
28.415071868583162,0.04873032058289158,0.9524379479782891
28.41624229979466,0.04873032058289158,0.9524379479782891
28.416509240246405,0.04873032058289158,0.9524379479782891
28.453388090349076,0.04873032058289158,0.9524379479782891
28.480698151950715,0.04873032058289158,0.9524379479782891
28.48624229979466,0.04873032058289158,0.9524379479782891
28.486262833675568,0.04873032058289158,0.9524379479782891
28.51484599589322,0.04873032058289158,0.9524379479782891
28.516242299794662,0.04873032058289158,0.9524379479782891
28.550636550308006,0.04873032058289158,0.9524379479782891
28.55482546201232,0.04896001104262527,0.952219207190448
28.612320328542097,0.04896001104262527,0.952219207190448
28.644866529774127,0.04896001104262527,0.952219207190448
28.645174537987682,0.04918980308048696,0.9520004199370837
28.64636550308008,0.04918980308048696,0.9520004199370837
28.68199178644764,0.04918980308048696,0.9520004199370837
28.68211498973306,0.04918980308048696,0.9520004199370837
28.686242299794664,0.04918980308048696,0.9520004199370837
28.71924024640657,0.04918980308048696,0.9520004199370837
28.74482546201232,0.04918980308048696,0.9520004199370837
28.751971252566733,0.04918980308048696,0.9520004199370837
28.77624229979466,0.04918980308048696,0.9520004199370837
28.776303901437373,0.04918980308048696,0.9520004199370837
28.780533880903487,0.04918980308048696,0.9520004199370837
28.780677618069813,0.04918980308048696,0.9520004199370837
28.783921971252568,0.04918980308048696,0.9520004199370837
28.80913757700205,0.04918980308048696,0.9520004199370837
28.81053388090349,0.04918980308048696,0.9520004199370837
28.812176591375767,0.04918980308048696,0.9520004199370837
28.81624229979466,0.04918980308048696,0.9520004199370837
28.84624229979466,0.049652521759204794,0.951560013460641
28.879219712525668,0.049652521759204794,0.951560013460641
28.88053388090349,0.049652521759204794,0.951560013460641
28.907720739219716,0.049652521759204794,0.951560013460641
28.91624229979466,0.049652521759204794,0.951560013460641
28.9494045174538,0.049652521759204794,0.951560013460641
28.97632443531828,0.049652521759204794,0.951560013460641
28.982094455852152,0.04988433744354749,0.9513394524906612
29.007741273100617,0.04988433744354749,0.9513394524906612
29.03911704312115,0.04988433744354749,0.9513394524906612
29.041971252566732,0.05011656543852544,0.9511185504878733
29.046242299794663,0.05011656543852544,0.9511185504878733
29.076242299794664,0.05034906735163897,0.950897439310669
29.141971252566734,0.05034906735163897,0.950897439310669
29.146242299794665,0.05034906735163897,0.950897439310669
29.173388090349075,0.05034906735163897,0.950897439310669
29.176242299794666,0.05034906735163897,0.950897439310669
29.177720739219712,0.05034906735163897,0.950897439310669
29.20624229979466,0.05034906735163897,0.950897439310669
29.21088295687885,0.05034906735163897,0.950897439310669
29.212340862422998,0.05034906735163897,0.950897439310669
29.23624229979466,0.05058213444347639,0.9506758422343494
29.244928131416835,0.05058213444347639,0.9506758422343494
29.2694250513347,0.05058213444347639,0.9506758422343494
29.272032854209446,0.05058213444347639,0.9506758422343494
29.27624229979466,0.05081547195574354,0.9504540397767731
29.27640657084189,0.05081547195574354,0.9504540397767731
29.30624229979466,0.05081547195574354,0.9504540397767731
29.3064887063655,0.05081547195574354,0.9504540397767731
29.307679671457905,0.05081547195574354,0.9504540397767731
29.37624229979466,0.05081547195574354,0.9504540397767731
29.400677618069817,0.05081547195574354,0.9504540397767731
29.40340862422998,0.05081547195574354,0.9504540397767731
29.404969199178648,0.05081547195574354,0.9504540397767731
29.40671457905544,0.05081547195574354,0.9504540397767731
29.436242299794664,0.05081547195574354,0.9504540397767731
29.437679671457907,0.05081547195574354,0.9504540397767731
29.44053388090349,0.05081547195574354,0.9504540397767731
29.466242299794665,0.05081547195574354,0.9504540397767731
29.46956878850103,0.05081547195574354,0.9504540397767731
29.474825462012323,0.05081547195574354,0.9504540397767731
29.499199178644766,0.05081547195574354,0.9504540397767731
29.506242299794664,0.05081547195574354,0.9504540397767731
29.53211498973306,0.05081547195574354,0.9504540397767731
29.533388090349074,0.05081547195574354,0.9504540397767731
29.533552361396303,0.05081547195574354,0.9504540397767731
29.536242299794665,0.05081547195574354,0.9504540397767731
29.56624229979466,0.05081547195574354,0.9504540397767731
29.57225872689938,0.05081547195574354,0.9504540397767731
29.603511293634497,0.05081547195574354,0.9504540397767731
29.60544147843942,0.05081547195574354,0.9504540397767731
29.606242299794665,0.05081547195574354,0.9504540397767731
29.63640657084189,0.05081547195574354,0.9504540397767731
29.66482546201232,0.05081547195574354,0.9504540397767731
29.66486652977413,0.05081547195574354,0.9504540397767731
29.66624229979466,0.05081547195574354,0.9504540397767731
29.667679671457904,0.05081547195574354,0.9504540397767731
29.6952977412731,0.05081547195574354,0.9504540397767731
29.696242299794662,0.05081547195574354,0.9504540397767731
29.699137577002052,0.05081547195574354,0.9504540397767731
29.703860369609853,0.05081547195574354,0.9504540397767731
29.733408624229977,0.05081547195574354,0.9504540397767731
29.73624229979466,0.05081547195574354,0.9504540397767731
29.763408624229978,0.05081547195574354,0.9504540397767731
29.794866529774126,0.05081547195574354,0.9504540397767731
29.796242299794663,0.05081547195574354,0.9504540397767731
29.797679671457907,0.05081547195574354,0.9504540397767731
29.834928131416838,0.051051630479173986,0.9502296084558787
29.836242299794662,0.051051630479173986,0.9502296084558787
29.83630390143737,0.051051630479173986,0.9502296084558787
29.89342915811088,0.051051630479173986,0.9502296084558787
29.893470225872687,0.051051630479173986,0.9502296084558787
29.894825462012317,0.05128819703533785,0.950004842496944
29.896242299794665,0.05128819703533785,0.950004842496944
29.899117043121148,0.05128819703533785,0.950004842496944
29.926262833675565,0.05128819703533785,0.950004842496944
29.930533880903486,0.05128819703533785,0.950004842496944
29.930616016427102,0.05128819703533785,0.950004842496944
29.93199178644764,0.051525267674245576,0.9497796509361761
29.933470225872686,0.051525267674245576,0.9497796509361761
29.966242299794665,0.05199965127158059,0.9493291979009025
29.993388090349075,0.05199965127158059,0.9493291979009025
29.99624229979466,0.05199965127158059,0.9493291979009025
29.99642710472279,0.05199965127158059,0.9493291979009025
30.027679671457904,0.05199965127158059,0.9493291979009025
30.056632443531832,0.05199965127158059,0.9493291979009025
30.06486652977413,0.05199965127158059,0.9493291979009025
30.06638603696099,0.05199965127158059,0.9493291979009025
30.09482546201232,0.05223732163610206,0.9491035972947377
30.09484599589322,0.05223732163610206,0.9491035972947377
30.09624229979466,0.05223732163610206,0.9491035972947377
30.123388090349078,0.05223732163610206,0.9491035972947377
30.12624229979466,0.05223732163610206,0.9491035972947377
30.157679671457906,0.05223732163610206,0.9491035972947377
30.161971252566737,0.05247596343516374,0.9488771285283151
30.163429158110883,0.05247596343516374,0.9488771285283151
30.196242299794662,0.05247596343516374,0.9488771285283151
30.19652977412731,0.05247596343516374,0.9488771285283151
30.223429158110886,0.05247596343516374,0.9488771285283151
30.226242299794663,0.05247596343516374,0.9488771285283151
30.23053388090349,0.05247596343516374,0.9488771285283151
30.254825462012317,0.05247596343516374,0.9488771285283151
30.256242299794664,0.05247596343516374,0.9488771285283151
30.25636550308008,0.05247596343516374,0.9488771285283151
30.259137577002054,0.05247596343516374,0.9488771285283151
30.260554414784394,0.05247596343516374,0.9488771285283151
30.288028747433266,0.05247596343516374,0.9488771285283151
30.296242299794663,0.05247596343516374,0.9488771285283151
30.323490759753597,0.05247596343516374,0.9488771285283151
30.359158110882955,0.05247596343516374,0.9488771285283151
30.360533880903493,0.05247596343516374,0.9488771285283151
30.38776180698152,0.05247596343516374,0.9488771285283151
30.393490759753597,0.05247596343516374,0.9488771285283151
30.42482546201232,0.05247596343516374,0.9488771285283151
30.426242299794666,0.05247596343516374,0.9488771285283151
30.426262833675565,0.05247596343516374,0.9488771285283151
30.45624229979466,0.05247596343516374,0.9488771285283151
30.459199178644766,0.05247596343516374,0.9488771285283151
30.48624229979466,0.05271756562370658,0.9486479054289206
30.48911704312115,0.05271756562370658,0.9486479054289206
30.49211498973306,0.05271756562370658,0.9486479054289206
30.51671457905544,0.05271756562370658,0.9486479054289206
30.523429158110883,0.05295952779792415,0.9484183962865413
30.52624229979466,0.05295952779792415,0.9484183962865413
30.55053388090349,0.05295952779792415,0.9484183962865413
30.553388090349078,0.05295952779792415,0.9484183962865413
30.55624229979466,0.05295952779792415,0.9484183962865413
30.557700205338808,0.05295952779792415,0.9484183962865413
30.586242299794662,0.05295952779792415,0.9484183962865413
30.587679671457906,0.05295952779792415,0.9484183962865413
30.589117043121153,0.05295952779792415,0.9484183962865413
30.616242299794663,0.05320251045500288,0.9481879750599039
30.61628336755647,0.053445561043456206,0.9479575454187655
30.617679671457907,0.05368864237587314,0.9477271426399922
30.61924024640657,0.05368864237587314,0.9477271426399922
30.65221765913758,0.05368864237587314,0.9477271426399922
30.656242299794663,0.05393210230945637,0.9474964371377027
30.657802874743325,0.05393210230945637,0.9474964371377027
30.681971252566733,0.05417631609779254,0.9472650736955756
30.68207392197125,0.05417631609779254,0.9472650736955756
30.68211498973306,0.054420714861130315,0.947033591571136
30.68634496919918,0.054665203863936473,0.9468020805748083
30.687679671457907,0.054665203863936473,0.9468020805748083
30.689158110882953,0.054665203863936473,0.9468020805748083
30.7206160164271,0.054665203863936473,0.9468020805748083
30.75338809034908,0.054665203863936473,0.9468020805748083
30.756242299794664,0.054665203863936473,0.9468020805748083
30.786242299794665,0.054665203863936473,0.9468020805748083
30.84624229979466,0.054665203863936473,0.9468020805748083
30.846262833675567,0.054665203863936473,0.9468020805748083
30.84960985626283,0.054665203863936473,0.9468020805748083
30.851971252566734,0.054665203863936473,0.9468020805748083
30.853388090349075,0.0549107396316444,0.9465696353370647
30.883552361396305,0.0549107396316444,0.9465696353370647
30.88624229979466,0.0549107396316444,0.9465696353370647
30.886468172484598,0.0551566705365274,0.9463368732329821
30.88776180698152,0.0551566705365274,0.9463368732329821
30.887864476386035,0.0551566705365274,0.9463368732329821
30.913429158110883,0.0551566705365274,0.9463368732329821
30.91624229979466,0.0551566705365274,0.9463368732329821
30.917946611909652,0.0551566705365274,0.9463368732329821
30.91870636550308,0.0551566705365274,0.9463368732329821
30.94917864476386,0.0551566705365274,0.9463368732329821
30.953388090349076,0.0551566705365274,0.9463368732329821
30.977720739219716,0.0551566705365274,0.9463368732329821
30.98624229979466,0.0551566705365274,0.9463368732329821
31.016242299794662,0.055403329807000364,0.9461034792557862
31.0464887063655,0.055403329807000364,0.9461034792557862
31.047823408624232,0.055403329807000364,0.9461034792557862
31.076242299794664,0.055403329807000364,0.9461034792557862
31.079630390143734,0.055403329807000364,0.9461034792557862
31.08053388090349,0.055403329807000364,0.9461034792557862
31.080554414784395,0.055403329807000364,0.9461034792557862
31.109363449691987,0.055403329807000364,0.9461034792557862
31.111642710472278,0.055403329807000364,0.9461034792557862
31.114866529774126,0.055403329807000364,0.9461034792557862
31.116262833675563,0.055403329807000364,0.9461034792557862
31.11636550308008,0.055403329807000364,0.9461034792557862
31.11652977412731,0.055403329807000364,0.9461034792557862
31.147761806981517,0.055403329807000364,0.9461034792557862
31.176242299794666,0.055403329807000364,0.9461034792557862
31.180533880903486,0.055403329807000364,0.9461034792557862
31.183449691991786,0.055403329807000364,0.9461034792557862
31.216242299794665,0.055403329807000364,0.9461034792557862
31.242217659137577,0.055403329807000364,0.9461034792557862
31.24624229979466,0.055403329807000364,0.9461034792557862
31.275010266940452,0.055403329807000364,0.9461034792557862
31.27624229979466,0.055403329807000364,0.9461034792557862
31.30624229979466,0.05565253892694952,0.9458677310168657
31.306262833675568,0.05565253892694952,0.9458677310168657
31.310574948665298,0.05565253892694952,0.9458677310168657
31.311971252566735,0.05565253892694952,0.9458677310168657
31.339178644763862,0.05565253892694952,0.9458677310168657
31.339342915811084,0.05565253892694952,0.9458677310168657
31.34624229979466,0.05565253892694952,0.9458677310168657
31.347679671457904,0.05565253892694952,0.9458677310168657
31.373408624229977,0.05565253892694952,0.9458677310168657
31.376303901437367,0.05565253892694952,0.9458677310168657
31.37913757700205,0.05565253892694952,0.9458677310168657
31.406242299794663,0.05590285472762035,0.9456309950090652
31.408008213552364,0.05590285472762035,0.9456309950090652
31.44626283367557,0.05590285472762035,0.9456309950090652
31.476242299794663,0.0561533153454711,0.945394181343283
31.50772073921971,0.0561533153454711,0.945394181343283
31.537700205338812,0.0561533153454711,0.945394181343283
31.537843942505134,0.0561533153454711,0.945394181343283
31.571971252566733,0.0561533153454711,0.945394181343283
31.57338809034908,0.0561533153454711,0.945394181343283
31.576242299794664,0.0561533153454711,0.945394181343283
31.57630390143737,0.0561533153454711,0.945394181343283
31.577679671457908,0.0561533153454711,0.945394181343283
31.60632443531827,0.0561533153454711,0.945394181343283
31.60911704312115,0.0561533153454711,0.945394181343283
31.63624229979466,0.0561533153454711,0.945394181343283
31.641971252566734,0.0561533153454711,0.945394181343283
31.676242299794666,0.0561533153454711,0.945394181343283
31.70624229979466,0.05640547184665994,0.9451558241071975
31.73624229979466,0.05640547184665994,0.9451558241071975
31.736386036960983,0.05640547184665994,0.9451558241071975
31.77486652977413,0.05640547184665994,0.9451558241071975
31.80053388090349,0.05640547184665994,0.9451558241071975
31.80223819301848,0.05640547184665994,0.9451558241071975
31.80484599589322,0.05640547184665994,0.9451558241071975
31.804907597535937,0.05640547184665994,0.9451558241071975
31.80624229979466,0.05640547184665994,0.9451558241071975
31.807741273100614,0.05640547184665994,0.9451558241071975
31.833511293634494,0.05640547184665994,0.9451558241071975
31.836242299794662,0.05640547184665994,0.9451558241071975
31.836262833675562,0.05640547184665994,0.9451558241071975
31.836652977412733,0.05640547184665994,0.9451558241071975
31.866242299794663,0.05665869088367983,0.9449165229586651
31.867679671457907,0.05665869088367983,0.9449165229586651
31.8988295687885,0.05665869088367983,0.9449165229586651
31.904825462012322,0.05665869088367983,0.9449165229586651
31.906365503080085,0.05665869088367983,0.9449165229586651
31.93338809034908,0.05665869088367983,0.9449165229586651
32.0005954825462,0.05665869088367983,0.9449165229586651
32.00221765913758,0.05665869088367983,0.9449165229586651
32.029117043121154,0.05665869088367983,0.9449165229586651
32.03338809034907,0.05691272988182347,0.9446765077997394
32.036242299794665,0.05691272988182347,0.9446765077997394
32.06342915811088,0.05691272988182347,0.9446765077997394
32.0676796714579,0.05691272988182347,0.9446765077997394
32.09687885010267,0.05691272988182347,0.9446765077997394
32.131971252566736,0.05691272988182347,0.9446765077997394
32.16340862422998,0.05691272988182347,0.9446765077997394
32.16344969199179,0.05691272988182347,0.9446765077997394
32.16628336755647,0.05716791832532816,0.9444354680286886
32.194825462012325,0.05742339515406401,0.9441942174686472
32.19624229979466,0.05742339515406401,0.9441942174686472
32.22624229979466,0.05742339515406401,0.9441942174686472
32.231478439425054,0.05742339515406401,0.9441942174686472
32.26624229979466,0.05742339515406401,0.9441942174686472
32.267782340862425,0.057679276066084015,0.9439526470990985
32.29624229979466,0.057679276066084015,0.9439526470990985
32.296324435318276,0.057935535496766694,0.9437107813226782
32.326242299794664,0.05819209742527011,0.9434686921214367
32.329117043121144,0.058449286472810745,0.943226073507888
32.330533880903495,0.058449286472810745,0.943226073507888
32.36521560574949,0.058449286472810745,0.943226073507888
32.36624229979466,0.058449286472810745,0.943226073507888
32.392156057494866,0.058449286472810745,0.943226073507888
32.39342915811088,0.058449286472810745,0.943226073507888
32.396242299794665,0.05870688870618535,0.9429831276578154
32.43201232032854,0.05870688870618535,0.9429831276578154
32.45624229979466,0.05870688870618535,0.9429831276578154
32.4576796714579,0.05870688870618535,0.9429831276578154
32.45770020533881,0.05870688870618535,0.9429831276578154
32.46205338809035,0.05870688870618535,0.9429831276578154
32.46338809034907,0.05870688870618535,0.9429831276578154
32.46369609856263,0.05870688870618535,0.9429831276578154
32.48782340862423,0.05870688870618535,0.9429831276578154
32.4882546201232,0.05870688870618535,0.9429831276578154
32.49525667351129,0.05870688870618535,0.9429831276578154
32.49624229979466,0.05870688870618535,0.9429831276578154
32.521991786447636,0.05870688870618535,0.9429831276578154
32.526591375770025,0.0589660806315666,0.9427387457176367
32.554825462012325,0.0589660806315666,0.9427387457176367
32.561971252566735,0.0589660806315666,0.9427387457176367
32.56338809034907,0.0589660806315666,0.9427387457176367
32.594825462012324,0.0589660806315666,0.9427387457176367
32.59486652977413,0.0589660806315666,0.9427387457176367
32.59624229979466,0.0589660806315666,0.9427387457176367
32.62624229979466,0.0589660806315666,0.9427387457176367
32.629117043121155,0.05922671656289278,0.9424930661445023
32.65624229979466,0.05922671656289278,0.9424930661445023
32.658624229979466,0.05922671656289278,0.9424930661445023
32.659137577002056,0.059487667265809244,0.9422471540032665
32.686242299794664,0.059487667265809244,0.9422471540032665
32.693388090349075,0.059487667265809244,0.9422471540032665
32.7235523613963,0.059487667265809244,0.9422471540032665
32.72373716632443,0.059487667265809244,0.9422471540032665
32.72494866529774,0.059487667265809244,0.9422471540032665
32.756242299794664,0.059487667265809244,0.9422471540032665
32.75657084188912,0.059487667265809244,0.9422471540032665
32.78365503080082,0.05974912609476425,0.9420008273693345
32.786242299794665,0.05974912609476425,0.9420008273693345
32.78930184804928,0.06001096421297301,0.9417542079339385
32.79344969199179,0.06001096421297301,0.9417542079339385
32.820800821355235,0.06001096421297301,0.9417542079339385
32.826242299794664,0.06001096421297301,0.9417542079339385
32.8494250513347,0.06001096421297301,0.9417542079339385
32.85094455852156,0.06001096421297301,0.9417542079339385
32.8835112936345,0.06001096421297301,0.9417542079339385
32.88624229979466,0.06001096421297301,0.9417542079339385
32.88774127310062,0.06001096421297301,0.9417542079339385
32.91628336755647,0.06001096421297301,0.9417542079339385
32.91790554414784,0.06001096421297301,0.9417542079339385
32.95624229979466,0.06001096421297301,0.9417542079339385
32.95630390143737,0.06001096421297301,0.9417542079339385
32.983388090349074,0.06001096421297301,0.9417542079339385
32.98492813141684,0.06001096421297301,0.9417542079339385
32.98624229979466,0.06001096421297301,0.9417542079339385
32.990616016427104,0.06001096421297301,0.9417542079339385
33.01624229979466,0.06001096421297301,0.9417542079339385
33.0505749486653,0.06001096421297301,0.9417542079339385
33.05203285420944,0.06001096421297301,0.9417542079339385
33.080533880903495,0.06001096421297301,0.9417542079339385
33.0806160164271,0.06001096421297301,0.9417542079339385
33.08624229979466,0.06001096421297301,0.9417542079339385
33.11624229979466,0.06001096421297301,0.9417542079339385
33.144989733059546,0.06001096421297301,0.9417542079339385
33.14628336755647,0.060275003985387765,0.9415055801924556
33.153388090349075,0.060275003985387765,0.9415055801924556
33.182156057494865,0.060275003985387765,0.9415055801924556
33.18488706365503,0.060275003985387765,0.9415055801924556
33.186242299794664,0.060275003985387765,0.9415055801924556
33.186427104722796,0.060275003985387765,0.9415055801924556
33.21630390143737,0.060275003985387765,0.9415055801924556
33.24624229979466,0.060275003985387765,0.9415055801924556
33.27926078028747,0.060275003985387765,0.9415055801924556
33.286242299794665,0.060275003985387765,0.9415055801924556
33.31624229979466,0.060275003985387765,0.9415055801924556
33.34488706365503,0.060275003985387765,0.9415055801924556
33.379137577002055,0.060275003985387765,0.9415055801924556
33.38349075975359,0.060275003985387765,0.9415055801924556
33.41217659137577,0.060275003985387765,0.9415055801924556
33.41338809034907,0.060275003985387765,0.9415055801924556
33.41361396303901,0.060275003985387765,0.9415055801924556
33.41624229979466,0.060275003985387765,0.9415055801924556
33.417679671457904,0.060275003985387765,0.9415055801924556
33.443388090349075,0.060275003985387765,0.9415055801924556
33.44624229979466,0.060275003985387765,0.9415055801924556
33.44924024640657,0.060275003985387765,0.9415055801924556
33.479158110882956,0.060275003985387765,0.9415055801924556
33.48205338809034,0.060541127319123304,0.9412550569252462
33.51199178644764,0.060541127319123304,0.9412550569252462
33.57340862422998,0.06080767170066812,0.9410042041114114
33.573511293634496,0.06080767170066812,0.9410042041114114
33.57357289527721,0.06080767170066812,0.9410042041114114
33.57486652977413,0.06080767170066812,0.9410042041114114
33.57767967145791,0.06107451865539803,0.9407531335053594
33.60494866529774,0.06107451865539803,0.9407531335053594
33.6052977412731,0.06107451865539803,0.9407531335053594
33.606242299794665,0.06107451865539803,0.9407531335053594
33.60915811088296,0.06107451865539803,0.9407531335053594
33.64217659137577,0.06107451865539803,0.9407531335053594
33.64219712525667,0.06107451865539803,0.9407531335053594
33.646242299794665,0.06107451865539803,0.9407531335053594
33.680554414784396,0.06107451865539803,0.9407531335053594
33.70624229979466,0.06107451865539803,0.9407531335053594
33.709219712525666,0.06107451865539803,0.9407531335053594
33.7123203285421,0.06107451865539803,0.9407531335053594
33.7364681724846,0.06107451865539803,0.9407531335053594
33.77624229979466,0.06134263702087874,0.9405009341240368
33.777946611909655,0.06134263702087874,0.9405009341240368
33.803388090349074,0.06134263702087874,0.9405009341240368
33.807679671457905,0.06134263702087874,0.9405009341240368
33.810616016427105,0.06134263702087874,0.9405009341240368
33.83624229979466,0.06161110372263357,0.9402484748302284
33.83655030800821,0.06161110372263357,0.9402484748302284
33.84080082135524,0.06161110372263357,0.9402484748302284
33.841971252566736,0.06161110372263357,0.9402484748302284
33.841991786447636,0.06161110372263357,0.9402484748302284
33.84363449691992,0.06161110372263357,0.9402484748302284
33.86919917864476,0.06161110372263357,0.9402484748302284
33.87488706365503,0.06161110372263357,0.9402484748302284
33.904845995893226,0.06161110372263357,0.9402484748302284
33.90513347022587,0.06161110372263357,0.9402484748302284
33.90624229979466,0.06161110372263357,0.9402484748302284
33.93357289527721,0.06161110372263357,0.9402484748302284
33.93640657084189,0.06161110372263357,0.9402484748302284
33.9735318275154,0.06161110372263357,0.9402484748302284
33.97624229979466,0.06188121909732558,0.9399945335594109
33.999199178644766,0.06188121909732558,0.9399945335594109
34.00344969199179,0.06188121909732558,0.9399945335594109
34.03283367556468,0.06188121909732558,0.9399945335594109
34.036242299794665,0.06188121909732558,0.9399945335594109
34.03770020533881,0.06188121909732558,0.9399945335594109
34.06624229979466,0.06188121909732558,0.9399945335594109
34.06774127310062,0.06188121909732558,0.9399945335594109
34.101971252566734,0.06188121909732558,0.9399945335594109
34.106242299794665,0.06188121909732558,0.9399945335594109
34.13624229979466,0.06188121909732558,0.9399945335594109
34.136283367556466,0.06188121909732558,0.9399945335594109
34.19917864476386,0.06188121909732558,0.9399945335594109
34.23624229979466,0.06215204986790005,0.9397399885864127
34.29624229979466,0.06215204986790005,0.9397399885864127
34.2964681724846,0.06215204986790005,0.9397399885864127
34.29782340862423,0.06215204986790005,0.9397399885864127
34.297905544147845,0.06215204986790005,0.9397399885864127
34.327741273100614,0.06215204986790005,0.9397399885864127
34.33624229979466,0.06215204986790005,0.9397399885864127
34.33661190965093,0.06215204986790005,0.9397399885864127
34.396242299794665,0.06215204986790005,0.9397399885864127
34.40073921971253,0.06215204986790005,0.9397399885864127
34.42778234086243,0.06215204986790005,0.9397399885864127
34.427864476386034,0.06215204986790005,0.9397399885864127
34.43338809034908,0.06215204986790005,0.9397399885864127
34.46211498973306,0.06215204986790005,0.9397399885864127
34.466242299794665,0.06215204986790005,0.9397399885864127
34.49624229979466,0.06215204986790005,0.9397399885864127
34.49913757700206,0.06215204986790005,0.9397399885864127
34.524928131416836,0.06215204986790005,0.9397399885864127
34.52624229979466,0.06215204986790005,0.9397399885864127
34.526283367556466,0.06215204986790005,0.9397399885864127
34.56053388090349,0.06215204986790005,0.9397399885864127
34.5605749486653,0.06215204986790005,0.9397399885864127
34.56080082135524,0.062425681709632,0.9394828809806047
34.561971252566735,0.062425681709632,0.9394828809806047
34.5629568788501,0.062425681709632,0.9394828809806047
34.56507186858316,0.06269953577884865,0.9392256349962264
34.56624229979466,0.06269953577884865,0.9392256349962264
34.591971252566736,0.06269953577884865,0.9392256349962264
34.59340862422998,0.06297387437016476,0.9389680044992031
34.594825462012324,0.06297387437016476,0.9389680044992031
34.62490759753594,0.06324844034348069,0.9387102312246397
34.65624229979466,0.06324844034348069,0.9387102312246397
34.661991786447636,0.06324844034348069,0.9387102312246397
34.662238193018474,0.06324844034348069,0.9387102312246397
34.690554414784394,0.06324844034348069,0.9387102312246397
34.69624229979466,0.06324844034348069,0.9387102312246397
34.722135523613964,0.06324844034348069,0.9387102312246397
34.72624229979466,0.06324844034348069,0.9387102312246397
34.726427104722795,0.06324844034348069,0.9387102312246397
34.730533880903494,0.06324844034348069,0.9387102312246397
34.793408624229976,0.06324844034348069,0.9387102312246397
34.82053388090349,0.06324844034348069,0.9387102312246397
34.821088295687886,0.06324844034348069,0.9387102312246397
34.826242299794664,0.06324844034348069,0.9387102312246397
34.826365503080076,0.06324844034348069,0.9387102312246397
34.82770020533881,0.06324844034348069,0.9387102312246397
34.862032854209446,0.06352488371272141,0.9384507668708316
34.88624229979466,0.06352488371272141,0.9384507668708316
34.89053388090349,0.06352488371272141,0.9384507668708316
34.95203285420944,0.06352488371272141,0.9384507668708316
34.95624229979466,0.06352488371272141,0.9384507668708316
35.026283367556466,0.06352488371272141,0.9384507668708316
35.08388090349076,0.06352488371272141,0.9384507668708316
35.08624229979466,0.06380207643759331,0.9381906711955844
35.11624229979466,0.06407952367732064,0.937930408889722
35.123388090349074,0.06407952367732064,0.937930408889722
35.123470225872694,0.06407952367732064,0.937930408889722
35.15207392197126,0.06407952367732064,0.937930408889722
35.2176796714579,0.06407952367732064,0.937930408889722
35.223388090349076,0.06407952367732064,0.937930408889722
35.22344969199179,0.06407952367732064,0.937930408889722
35.2476796714579,0.06407952367732064,0.937930408889722
35.25492813141684,0.06407952367732064,0.937930408889722
35.28053388090349,0.06407952367732064,0.937930408889722
35.283531827515404,0.06407952367732064,0.937930408889722
35.286242299794665,0.06435794479546099,0.9376693056065618
35.31624229979466,0.06435794479546099,0.9376693056065618
35.32199178644764,0.06435794479546099,0.9376693056065618
35.34624229979466,0.06435794479546099,0.9376693056065618
35.3505749486653,0.06435794479546099,0.9376693056065618
35.37921971252567,0.06463714626938559,0.9374075434982663
35.38624229979466,0.06463714626938559,0.9374075434982663
35.41624229979466,0.06463714626938559,0.9374075434982663
35.41928131416837,0.06491661131846574,0.9371456074558037
35.45227926078029,0.06491661131846574,0.9371456074558037
35.48340862422997,0.06491661131846574,0.9371456074558037
35.48624229979466,0.06491661131846574,0.9371456074558037
35.51624229979466,0.06491661131846574,0.9371456074558037
35.54363449691992,0.06491661131846574,0.9371456074558037
35.54488706365503,0.06491661131846574,0.9371456074558037
35.550533880903494,0.06491661131846574,0.9371456074558037
35.576242299794664,0.06491661131846574,0.9371456074558037
35.57767967145791,0.06491661131846574,0.9371456074558037
35.5806160164271,0.06491661131846574,0.9371456074558037
35.613388090349076,0.06491661131846574,0.9371456074558037
35.61624229979466,0.06491661131846574,0.9371456074558037
35.676242299794666,0.06519746695941926,0.9368824417830667
35.67967145790554,0.06519746695941926,0.9368824417830667
35.7123613963039,0.06519746695941926,0.9368824417830667
35.716242299794665,0.06519746695941926,0.9368824417830667
35.74624229979466,0.06519746695941926,0.9368824417830667
35.77624229979466,0.06519746695941926,0.9368824417830667
35.7776796714579,0.06519746695941926,0.9368824417830667
35.80624229979466,0.06519746695941926,0.9368824417830667
35.84484599589322,0.06519746695941926,0.9368824417830667
35.84624229979466,0.06519746695941926,0.9368824417830667
35.87486652977413,0.06519746695941926,0.9368824417830667
35.8805954825462,0.06519746695941926,0.9368824417830667
35.90624229979466,0.06548029886969794,0.9366174990012532
35.93915811088296,0.06548029886969794,0.9366174990012532
35.9405749486653,0.06548029886969794,0.9366174990012532
35.94197125256674,0.06548029886969794,0.9366174990012532
35.94624229979466,0.06548029886969794,0.9366174990012532
35.946344969199174,0.06548029886969794,0.9366174990012532
35.94644763860369,0.06576412195238408,0.9363517030566854
35.973470225872695,0.06576412195238408,0.9363517030566854
35.97624229979466,0.06576412195238408,0.9363517030566854
35.977700205338806,0.06576412195238408,0.9363517030566854
36.006242299794664,0.06576412195238408,0.9363517030566854
36.00913757700206,0.06576412195238408,0.9363517030566854
36.01248459958933,0.06576412195238408,0.9363517030566854
36.036242299794665,0.06576412195238408,0.9363517030566854
36.04365503080082,0.06576412195238408,0.9363517030566854
36.076242299794664,0.06576412195238408,0.9363517030566854
36.10338809034907,0.06576412195238408,0.9363517030566854
36.106242299794665,0.0663354099537755,0.9358169293330971
36.13624229979466,0.0663354099537755,0.9358169293330971
36.139117043121146,0.06662140392033902,0.9355493296052776
36.142361396303905,0.06662140392033902,0.9355493296052776
36.167761806981524,0.06662140392033902,0.9355493296052776
36.1705749486653,0.06662140392033902,0.9355493296052776
36.17340862422998,0.06662140392033902,0.9355493296052776
36.176242299794666,0.06690771091144598,0.9352815136323083
36.20626283367557,0.06719409508422637,0.9350137021600238
36.23363449691992,0.06719409508422637,0.9350137021600238
36.23638603696099,0.06719409508422637,0.9350137021600238
36.237700205338804,0.06719409508422637,0.9350137021600238
36.30624229979466,0.06719409508422637,0.9350137021600238
36.33624229979466,0.06719409508422637,0.9350137021600238
36.339117043121156,0.06719409508422637,0.9350137021600238
36.340616016427106,0.06719409508422637,0.9350137021600238
36.36915811088296,0.06719409508422637,0.9350137021600238
36.370965092402464,0.06719409508422637,0.9350137021600238
36.373408624229974,0.06719409508422637,0.9350137021600238
36.400554414784395,0.06719409508422637,0.9350137021600238
36.40069815195072,0.06719409508422637,0.9350137021600238
36.40492813141684,0.06748177100326326,0.9347447599199006
36.43369609856263,0.06748177100326326,0.9347447599199006
36.49624229979466,0.06748177100326326,0.9347447599199006
36.50486652977413,0.06748177100326326,0.9347447599199006
36.56624229979466,0.06748177100326326,0.9347447599199006
36.59494866529774,0.06748177100326326,0.9347447599199006
36.59624229979466,0.06748177100326326,0.9347447599199006
36.60069815195072,0.06748177100326326,0.9347447599199006
36.63344969199179,0.06748177100326326,0.9347447599199006
36.63624229979466,0.06748177100326326,0.9347447599199006
36.666488706365506,0.06748177100326326,0.9347447599199006
36.667700205338804,0.06748177100326326,0.9347447599199006
36.69494866529774,0.06748177100326326,0.9347447599199006
36.69624229979466,0.06777083397685268,0.9344745988687106
36.69626283367557,0.06777083397685268,0.9344745988687106
36.69628336755647,0.06806004361822356,0.9342043788820978
36.69788501026694,0.06806004361822356,0.9342043788820978
36.699137577002055,0.06806004361822356,0.9342043788820978
36.69915811088296,0.06806004361822356,0.9342043788820978
36.72624229979466,0.06806004361822356,0.9342043788820978
36.73197125256674,0.06806004361822356,0.9342043788820978
36.73445585215606,0.06835016020037155,0.933933390011752
36.734825462012324,0.06835016020037155,0.933933390011752
36.76075975359343,0.06835016020037155,0.933933390011752
36.76197125256674,0.06835016020037155,0.933933390011752
36.76624229979466,0.06835016020037155,0.933933390011752
36.79624229979466,0.06835016020037155,0.933933390011752
36.79630390143737,0.06835016020037155,0.933933390011752
36.79636550308008,0.06835016020037155,0.933933390011752
36.826242299794664,0.06835016020037155,0.933933390011752
36.86624229979466,0.06835016020037155,0.933933390011752
36.896262833675564,0.06835016020037155,0.933933390011752
36.89780287474333,0.06835016020037155,0.933933390011752
36.95624229979466,0.06835016020037155,0.933933390011752
36.95911704312115,0.06835016020037155,0.933933390011752
36.96482546201232,0.06835016020037155,0.933933390011752
36.99342915811088,0.06835016020037155,0.933933390011752
36.994188911704306,0.06835016020037155,0.933933390011752
36.99624229979466,0.06835016020037155,0.933933390011752
37.05486652977413,0.06835016020037155,0.933933390011752
37.05626283367557,0.06835016020037155,0.933933390011752
37.059260780287474,0.06835016020037155,0.933933390011752
37.06053388090349,0.06864216989770525,0.9336607122194222
37.06108829568789,0.06864216989770525,0.9336607122194222
37.06342915811088,0.06864216989770525,0.9336607122194222
37.089137577002056,0.06864216989770525,0.9336607122194222
37.08921971252567,0.06864216989770525,0.9336607122194222
37.090636550308005,0.06864216989770525,0.9336607122194222
37.094825462012324,0.06864216989770525,0.9336607122194222
37.09624229979466,0.06922794771714177,0.9331139546381909
37.12496919917864,0.06922794771714177,0.9331139546381909
37.12624229979466,0.06922794771714177,0.9331139546381909
37.129281314168374,0.06922794771714177,0.9331139546381909
37.156550308008214,0.06922794771714177,0.9331139546381909
37.189281314168376,0.06922794771714177,0.9331139546381909
37.22211498973306,0.06922794771714177,0.9331139546381909
37.22665297741273,0.06922794771714177,0.9331139546381909
37.227679671457906,0.06922794771714177,0.9331139546381909
37.28482546201232,0.06922794771714177,0.9331139546381909
37.286242299794665,0.06952268644424336,0.932838970345211
37.289117043121145,0.06952268644424336,0.932838970345211
37.32201232032854,0.06952268644424336,0.932838970345211
37.38624229979466,0.06952268644424336,0.932838970345211
37.38636550308008,0.06952268644424336,0.932838970345211
37.41624229979466,0.06952268644424336,0.932838970345211
37.45624229979466,0.06952268644424336,0.932838970345211
37.48505133470226,0.06952268644424336,0.932838970345211
37.48624229979466,0.06952268644424336,0.932838970345211
37.51624229979466,0.06952268644424336,0.932838970345211
37.55486652977413,0.06952268644424336,0.932838970345211
37.55624229979466,0.06981848539073543,0.9325630783668262
37.646242299794665,0.06981848539073543,0.9325630783668262
37.686242299794664,0.06981848539073543,0.9325630783668262
37.74624229979466,0.06981848539073543,0.9325630783668262
37.74946611909651,0.06981848539073543,0.9325630783668262
37.75340862422998,0.06981848539073543,0.9325630783668262
37.7535523613963,0.06981848539073543,0.9325630783668262
37.779137577002054,0.06981848539073543,0.9325630783668262
37.7835728952772,0.06981848539073543,0.9325630783668262
37.786242299794665,0.06981848539073543,0.9325630783668262
37.81624229979466,0.06981848539073543,0.9325630783668262
37.81636550308008,0.06981848539073543,0.9325630783668262
37.8176796714579,0.06981848539073543,0.9325630783668262
37.84338809034907,0.06981848539073543,0.9325630783668262
37.84486652977413,0.06981848539073543,0.9325630783668262
37.850595482546204,0.06981848539073543,0.9325630783668262
37.87624229979466,0.06981848539073543,0.9325630783668262
37.88213552361396,0.06981848539073543,0.9325630783668262
37.88344969199179,0.06981848539073543,0.9325630783668262
37.91626283367557,0.06981848539073543,0.9325630783668262
37.94628336755647,0.06981848539073543,0.9325630783668262
37.949117043121156,0.07011789999590896,0.9322838971584688
37.97501026694046,0.07011789999590896,0.9322838971584688
37.97624229979466,0.07011789999590896,0.9322838971584688
37.976344969199175,0.07011789999590896,0.9322838971584688
37.97934291581109,0.07011789999590896,0.9322838971584688
37.98065708418891,0.07011789999590896,0.9322838971584688
38.01201232032854,0.07011789999590896,0.9322838971584688
38.01227926078029,0.07011789999590896,0.9322838971584688
38.01342915811089,0.07011789999590896,0.9322838971584688
38.014825462012325,0.0704181923420206,0.9320039814701219
38.01624229979466,0.0704181923420206,0.9320039814701219
38.040554414784395,0.0704181923420206,0.9320039814701219
38.043408624229976,0.0704181923420206,0.9320039814701219
38.04347022587269,0.0704181923420206,0.9320039814701219
38.043490759753595,0.0704181923420206,0.9320039814701219
38.04624229979466,0.07071935904433238,0.9317233351672631
38.076242299794664,0.07071935904433238,0.9317233351672631
38.107864476386034,0.07071935904433238,0.9317233351672631
38.113388090349076,0.07071935904433238,0.9317233351672631
38.11342915811089,0.07071935904433238,0.9317233351672631
38.14338809034908,0.07071935904433238,0.9317233351672631
38.1734907597536,0.07071935904433238,0.9317233351672631
38.1776796714579,0.07071935904433238,0.9317233351672631
38.20624229979466,0.07071935904433238,0.9317233351672631
38.206283367556466,0.07071935904433238,0.9317233351672631
38.237679671457904,0.07071935904433238,0.9317233351672631
38.24624229979466,0.07071935904433238,0.9317233351672631
38.27205338809035,0.07071935904433238,0.9317233351672631
38.27774127310061,0.07071935904433238,0.9317233351672631
38.30624229979466,0.07071935904433238,0.9317233351672631
38.31213552361396,0.07071935904433238,0.9317233351672631
38.33624229979466,0.07071935904433238,0.9317233351672631
38.37061601642711,0.07071935904433238,0.9317233351672631
38.37078028747433,0.07071935904433238,0.9317233351672631
38.37624229979466,0.07071935904433238,0.9317233351672631
38.43482546201232,0.07071935904433238,0.9317233351672631
38.43784394250513,0.07071935904433238,0.9317233351672631
38.46934291581109,0.07071935904433238,0.9317233351672631
38.47624229979466,0.07071935904433238,0.9317233351672631
38.506242299794664,0.07071935904433238,0.9317233351672631
38.536242299794665,0.07071935904433238,0.9317233351672631
38.539178644763865,0.07071935904433238,0.9317233351672631
38.56624229979466,0.07102376686327419,0.9314397544632292
38.56776180698152,0.07132830079892268,0.931156142635888
38.570882956878854,0.07132830079892268,0.931156142635888
38.601991786447634,0.07132830079892268,0.931156142635888
38.606242299794665,0.07132830079892268,0.931156142635888
38.6076796714579,0.07132830079892268,0.931156142635888
38.63347022587269,0.07132830079892268,0.931156142635888
38.63349075975359,0.07132830079892268,0.931156142635888
38.63624229979466,0.07163394485785976,0.9308715837820253
38.66624229979466,0.07163394485785976,0.9308715837820253
38.697679671457905,0.07163394485785976,0.9308715837820253
38.70488706365503,0.07163394485785976,0.9308715837820253
38.70642710472279,0.07163394485785976,0.9308715837820253
38.73624229979466,0.07163394485785976,0.9308715837820253
38.76638603696099,0.07163394485785976,0.9308715837820253
38.766755646817245,0.07163394485785976,0.9308715837820253
38.77205338809035,0.07163394485785976,0.9308715837820253
38.79911704312114,0.07163394485785976,0.9308715837820253
38.800533880903494,0.07163394485785976,0.9308715837820253
38.829117043121144,0.07163394485785976,0.9308715837820253
38.830533880903495,0.07163394485785976,0.9308715837820253
38.896242299794665,0.07163394485785976,0.9308715837820253
38.9305954825462,0.07163394485785976,0.9308715837820253
38.93209445585216,0.07163394485785976,0.9308715837820253
38.936242299794664,0.07163394485785976,0.9308715837820253
38.96069815195072,0.07163394485785976,0.9308715837820253
38.969117043121145,0.07163394485785976,0.9308715837820253
38.99624229979466,0.07163394485785976,0.9308715837820253
38.99634496919918,0.07163394485785976,0.9308715837820253
39.02624229979466,0.07163394485785976,0.9308715837820253
39.0276796714579,0.07163394485785976,0.9308715837820253
39.03338809034907,0.07194346142136779,0.9305835081927288
39.03347022587269,0.07194346142136779,0.9305835081927288
39.0635112936345,0.07194346142136779,0.9305835081927288
39.09624229979466,0.07194346142136779,0.9305835081927288
39.09665297741273,0.07194346142136779,0.9305835081927288
39.1264887063655,0.07194346142136779,0.9305835081927288
39.130616016427105,0.07194346142136779,0.9305835081927288
39.157700205338806,0.07194346142136779,0.9305835081927288
39.165030800821356,0.07194346142136779,0.9305835081927288
39.16624229979466,0.07194346142136779,0.9305835081927288
39.194969199178644,0.07194346142136779,0.9305835081927288
39.19624229979466,0.07194346142136779,0.9305835081927288
39.19630390143737,0.07194346142136779,0.9305835081927288
39.22913757700206,0.07194346142136779,0.9305835081927288
39.256242299794664,0.07194346142136779,0.9305835081927288
39.25632443531828,0.07194346142136779,0.9305835081927288
39.26359342915811,0.07194346142136779,0.9305835081927288
39.288788501026694,0.07194346142136779,0.9305835081927288
39.29624229979466,0.07194346142136779,0.9305835081927288
39.296324435318276,0.07194346142136779,0.9305835081927288
39.32338809034908,0.07194346142136779,0.9305835081927288
39.32340862422998,0.07194346142136779,0.9305835081927288
39.32357289527721,0.07194346142136779,0.9305835081927288
39.3264887063655,0.07194346142136779,0.9305835081927288
39.32767967145791,0.07194346142136779,0.9305835081927288
39.32788501026694,0.07194346142136779,0.9305835081927288
39.39347022587269,0.07194346142136779,0.9305835081927288
39.42482546201232,0.07194346142136779,0.9305835081927288
39.426242299794666,0.07194346142136779,0.9305835081927288
39.4576796714579,0.07194346142136779,0.9305835081927288
39.45780287474333,0.07194346142136779,0.9305835081927288
39.48624229979466,0.07194346142136779,0.9305835081927288
39.52342915811088,0.07194346142136779,0.9305835081927288
39.52349075975359,0.07194346142136779,0.9305835081927288
39.526283367556466,0.07194346142136779,0.9305835081927288
39.557679671457905,0.07194346142136779,0.9305835081927288
39.584825462012326,0.07194346142136779,0.9305835081927288
39.58624229979466,0.07225857962957688,0.930290310583417
39.589117043121156,0.07225857962957688,0.930290310583417
39.5905954825462,0.07225857962957688,0.930290310583417
39.62061601642711,0.07225857962957688,0.930290310583417
39.62624229979466,0.07257386890130937,0.9299970462628698
39.650533880903495,0.07257386890130937,0.9299970462628698
39.65201232032854,0.07257386890130937,0.9299970462628698
39.65624229979466,0.07288994524741761,0.9297031426450333
39.683490759753596,0.07288994524741761,0.9297031426450333
39.69197125256674,0.07288994524741761,0.9297031426450333
39.71913757700206,0.07288994524741761,0.9297031426450333
39.756242299794664,0.07288994524741761,0.9297031426450333
39.75767967145791,0.07288994524741761,0.9297031426450333
39.786242299794665,0.07288994524741761,0.9297031426450333
39.79110882956879,0.07288994524741761,0.9297031426450333
39.81482546201232,0.07288994524741761,0.9297031426450333
39.81624229979466,0.07288994524741761,0.9297031426450333
39.84802874743327,0.07288994524741761,0.9297031426450333
39.881129363449695,0.07288994524741761,0.9297031426450333
39.88780287474333,0.07288994524741761,0.9297031426450333
39.91570841889117,0.07320804327005734,0.9294074529453636
39.917864476386036,0.07320804327005734,0.9294074529453636
39.94624229979466,0.07320804327005734,0.9294074529453636
39.94638603696099,0.07320804327005734,0.9294074529453636
39.952197125256674,0.07320804327005734,0.9294074529453636
39.955010266940455,0.07320804327005734,0.9294074529453636
39.97911704312116,0.07320804327005734,0.9294074529453636
39.98075975359343,0.07320804327005734,0.9294074529453636
39.987679671457904,0.07320804327005734,0.9294074529453636
40.01917864476386,0.07320804327005734,0.9294074529453636
40.14482546201232,0.07320804327005734,0.9294074529453636
40.146242299794665,0.07320804327005734,0.9294074529453636
40.17640657084189,0.07320804327005734,0.9294074529453636
40.17913757700206,0.07320804327005734,0.9294074529453636
40.21338809034907,0.07320804327005734,0.9294074529453636
40.24624229979466,0.07320804327005734,0.9294074529453636
40.27624229979466,0.07352800921071238,0.9291101217858889
40.27770020533881,0.07352800921071238,0.9291101217858889
40.282669404517456,0.07352800921071238,0.9291101217858889
40.31624229979466,0.07352800921071238,0.9291101217858889
40.34921971252567,0.07352800921071238,0.9291101217858889
40.374825462012325,0.07352800921071238,0.9291101217858889
40.376427104722794,0.07352800921071238,0.9291101217858889
40.41344969199179,0.07352800921071238,0.9291101217858889
40.44624229979466,0.07352800921071238,0.9291101217858889
40.447679671457905,0.07352800921071238,0.9291101217858889
40.47199178644764,0.07384978380619693,0.9288112058466476
40.47624229979466,0.07384978380619693,0.9288112058466476
40.477679671457906,0.07384978380619693,0.9288112058466476
40.50482546201232,0.07384978380619693,0.9288112058466476
40.50484599589323,0.07384978380619693,0.9288112058466476
40.506242299794664,0.07384978380619693,0.9288112058466476
40.540533880903496,0.07384978380619693,0.9288112058466476
40.57386036960986,0.07384978380619693,0.9288112058466476
40.5764271047228,0.07384978380619693,0.9288112058466476
40.576447638603696,0.07384978380619693,0.9288112058466476
40.67342915811088,0.07384978380619693,0.9288112058466476
40.6776796714579,0.07384978380619693,0.9288112058466476
40.70624229979466,0.07384978380619693,0.9288112058466476
40.71053388090349,0.07384978380619693,0.9288112058466476
40.73511293634497,0.07384978380619693,0.9288112058466476
40.73624229979466,0.07384978380619693,0.9288112058466476
40.741971252566735,0.07384978380619693,0.9288112058466476
40.74338809034907,0.07384978380619693,0.9288112058466476
40.74344969199179,0.07384978380619693,0.9288112058466476
40.800636550308006,0.07384978380619693,0.9288112058466476
40.80624229979466,0.07384978380619693,0.9288112058466476
40.806324435318274,0.07384978380619693,0.9288112058466476
40.83784394250513,0.07384978380619693,0.9288112058466476
40.86772073921971,0.07384978380619693,0.9288112058466476
40.932053388090345,0.07384978380619693,0.9288112058466476
40.936242299794664,0.07417443331354073,0.9285097166880555
40.936344969199176,0.07417443331354073,0.9285097166880555
41.00053388090349,0.07417443331354073,0.9285097166880555
41.002156057494865,0.07417443331354073,0.9285097166880555
41.006242299794664,0.07417443331354073,0.9285097166880555
41.03067761806981,0.07417443331354073,0.9285097166880555
41.0335728952772,0.07417443331354073,0.9285097166880555
41.036242299794665,0.07417443331354073,0.9285097166880555
41.06482546201232,0.07417443331354073,0.9285097166880555
41.0676796714579,0.07417443331354073,0.9285097166880555
41.09624229979466,0.07417443331354073,0.9285097166880555
41.09782340862423,0.07417443331354073,0.9285097166880555
41.13624229979466,0.07417443331354073,0.9285097166880555
41.162094455852156,0.07417443331354073,0.9285097166880555
41.167679671457904,0.07417443331354073,0.9285097166880555
41.19624229979466,0.07450114270075721,0.9282064133962059
41.19655030800821,0.07450114270075721,0.9282064133962059
41.23624229979466,0.07482821705961813,0.9279028705219052
41.26104722792608,0.07482821705961813,0.9279028705219052
41.26197125256674,0.07482821705961813,0.9279028705219052
41.264845995893225,0.07482821705961813,0.9279028705219052
41.26624229979466,0.07482821705961813,0.9279028705219052
41.29767967145791,0.07482821705961813,0.9279028705219052
41.29911704312114,0.07482821705961813,0.9279028705219052
41.32772073921971,0.07482821705961813,0.9279028705219052
41.32926078028747,0.07482821705961813,0.9279028705219052
41.360533880903496,0.07482821705961813,0.9279028705219052
41.36197125256673,0.07482821705961813,0.9279028705219052
41.396242299794665,0.07482821705961813,0.9279028705219052
41.426242299794666,0.07482821705961813,0.9279028705219052
41.42652977412731,0.07482821705961813,0.9279028705219052
41.461971252566734,0.07482821705961813,0.9279028705219052
41.46344969199179,0.07482821705961813,0.9279028705219052
41.466242299794665,0.07482821705961813,0.9279028705219052
41.49494866529774,0.07482821705961813,0.9279028705219052
41.49624229979466,0.07482821705961813,0.9279028705219052
41.52338809034907,0.07482821705961813,0.9279028705219052
41.56067761806981,0.07482821705961813,0.9279028705219052
41.59055441478439,0.07482821705961813,0.9279028705219052
41.59624229979466,0.07482821705961813,0.9279028705219052
41.62624229979466,0.07482821705961813,0.9279028705219052
41.62800821355236,0.07482821705961813,0.9279028705219052
41.65624229979466,0.07549437648603764,0.9272849451191726
41.69197125256674,0.07549437648603764,0.9272849451191726
41.694825462012325,0.07549437648603764,0.9272849451191726
41.72913757700206,0.07549437648603764,0.9272849451191726
41.75340862422998,0.07549437648603764,0.9272849451191726
41.756242299794664,0.0758298793082031,0.9269738905858882
41.8205954825462,0.0758298793082031,0.9269738905858882
41.826242299794664,0.0758298793082031,0.9269738905858882
41.82788501026694,0.0758298793082031,0.9269738905858882
41.85496919917864,0.0758298793082031,0.9269738905858882
41.856242299794665,0.0758298793082031,0.9269738905858882
41.88624229979466,0.0758298793082031,0.9269738905858882
41.88770020533881,0.0758298793082031,0.9269738905858882
41.92494866529774,0.07616654456379103,0.9266618632114259
41.926242299794666,0.07616654456379103,0.9266618632114259
41.926262833675565,0.07616654456379103,0.9266618632114259
41.92630390143737,0.07616654456379103,0.9266618632114259
41.95624229979466,0.07616654456379103,0.9266618632114259
41.983388090349074,0.07616654456379103,0.9266618632114259
41.9864681724846,0.07616654456379103,0.9266618632114259
41.987679671457904,0.07616654456379103,0.9266618632114259
42.01624229979466,0.07650457776970518,0.926348673668221
42.016406570841895,0.07684328098638668,0.9260349695219817
42.05624229979466,0.07684328098638668,0.9260349695219817
42.08628336755647,0.07684328098638668,0.9260349695219817
42.153388090349075,0.07684328098638668,0.9260349695219817
42.18197125256673,0.07684328098638668,0.9260349695219817
42.18338809034908,0.07684328098638668,0.9260349695219817
42.18342915811089,0.07718331264939914,0.9257201418400111
42.18630390143737,0.07718331264939914,0.9257201418400111
42.18770020533881,0.07718331264939914,0.9257201418400111
42.21482546201232,0.07718331264939914,0.9257201418400111
42.216262833675565,0.07718331264939914,0.9257201418400111
42.2176796714579,0.07718331264939914,0.9257201418400111
42.22069815195072,0.07718331264939914,0.9257201418400111
42.222340862422996,0.07718331264939914,0.9257201418400111
42.24624229979466,0.07718331264939914,0.9257201418400111
42.253429158110876,0.07718331264939914,0.9257201418400111
42.28053388090349,0.07718331264939914,0.9257201418400111
42.286242299794665,0.07718331264939914,0.9257201418400111
42.31344969199179,0.07718331264939914,0.9257201418400111
42.31486652977413,0.07718331264939914,0.9257201418400111
42.31930184804928,0.07718331264939914,0.9257201418400111
42.34624229979466,0.07718331264939914,0.9257201418400111
42.3535318275154,0.07718331264939914,0.9257201418400111
42.379876796714576,0.07718331264939914,0.9257201418400111
42.38624229979466,0.07718331264939914,0.9257201418400111
42.41053388090349,0.07718331264939914,0.9257201418400111
42.45227926078029,0.07718331264939914,0.9257201418400111
42.47650924024641,0.07718331264939914,0.9257201418400111
42.479301848049275,0.07718331264939914,0.9257201418400111
42.483388090349074,0.07718331264939914,0.9257201418400111
42.48347022587269,0.07752756513270573,0.9254015152294833
42.513388090349075,0.07787280261189133,0.9250820870855873
42.513470225872695,0.07787280261189133,0.9250820870855873
42.543511293634495,0.07787280261189133,0.9250820870855873
42.61223819301848,0.07787280261189133,0.9250820870855873
42.61624229979466,0.07787280261189133,0.9250820870855873
42.641971252566734,0.07821896814503145,0.9247619109718777
42.646242299794665,0.0785653358674637,0.9244416587606985
42.646262833675564,0.0785653358674637,0.9244416587606985
42.67630390143737,0.0785653358674637,0.9244416587606985
42.67640657084189,0.0785653358674637,0.9244416587606985
42.682156057494865,0.0785653358674637,0.9244416587606985
42.70642710472279,0.0785653358674637,0.9244416587606985
42.7105954825462,0.0785653358674637,0.9244416587606985
42.77624229979466,0.0785653358674637,0.9244416587606985
42.804825462012325,0.0785653358674637,0.9244416587606985
42.810698151950724,0.0785653358674637,0.9244416587606985
42.81080082135524,0.0785653358674637,0.9244416587606985
42.842197125256675,0.0785653358674637,0.9244416587606985
42.844825462012324,0.0785653358674637,0.9244416587606985
42.87624229979466,0.0785653358674637,0.9244416587606985
42.87630390143737,0.0785653358674637,0.9244416587606985
42.903408624229975,0.0785653358674637,0.9244416587606985
42.90624229979466,0.0785653358674637,0.9244416587606985
42.97624229979466,0.0785653358674637,0.9244416587606985
43.04347022587269,0.0785653358674637,0.9244416587606985
43.06770020533881,0.0785653358674637,0.9244416587606985
43.0706160164271,0.0785653358674637,0.9244416587606985
43.07630390143737,0.0785653358674637,0.9244416587606985
43.10379876796714,0.0785653358674637,0.9244416587606985
43.104907597535934,0.0785653358674637,0.9244416587606985
43.109117043121145,0.0785653358674637,0.9244416587606985
43.13913757700205,0.0785653358674637,0.9244416587606985
43.17053388090349,0.0785653358674637,0.9244416587606985
43.23624229979466,0.07891557416101257,0.9241179405842086
43.26624229979466,0.07891557416101257,0.9241179405842086
43.27055441478439,0.07891557416101257,0.9241179405842086
43.2705749486653,0.07891557416101257,0.9241179405842086
43.27213552361396,0.07891557416101257,0.9241179405842086
43.29772073921971,0.07891557416101257,0.9241179405842086
43.30624229979466,0.07891557416101257,0.9241179405842086
43.33199178644764,0.07891557416101257,0.9241179405842086
43.33215605749486,0.07891557416101257,0.9241179405842086
43.33501026694046,0.07891557416101257,0.9241179405842086
43.33624229979466,0.07891557416101257,0.9241179405842086
43.399117043121144,0.07891557416101257,0.9241179405842086
43.429117043121146,0.07891557416101257,0.9241179405842086
43.436242299794664,0.07891557416101257,0.9241179405842086
43.43640657084189,0.07891557416101257,0.9241179405842086
43.46634496919918,0.07891557416101257,0.9241179405842086
43.49624229979466,0.07891557416101257,0.9241179405842086
43.53201232032854,0.07891557416101257,0.9241179405842086
43.56340862422998,0.07891557416101257,0.9241179405842086
43.56624229979466,0.07891557416101257,0.9241179405842086
43.59338809034907,0.07891557416101257,0.9241179405842086
43.594825462012324,0.07926879291926439,0.9237915824340607
43.594907597535936,0.07926879291926439,0.9237915824340607
43.60067761806981,0.07926879291926439,0.9237915824340607
43.693408624229974,0.07926879291926439,0.9237915824340607
43.697679671457905,0.07926879291926439,0.9237915824340607
43.69774127310061,0.07926879291926439,0.9237915824340607
43.72624229979466,0.07926879291926439,0.9237915824340607
43.760554414784394,0.07926879291926439,0.9237915824340607
43.76199178644764,0.07926879291926439,0.9237915824340607
43.76215605749486,0.07962277671372156,0.923464633055228
43.76624229979466,0.07962277671372156,0.923464633055228
43.79630390143737,0.07962277671372156,0.923464633055228
43.826242299794664,0.07962277671372156,0.923464633055228
43.82628336755647,0.07962277671372156,0.923464633055228
43.896242299794665,0.07962277671372156,0.923464633055228
43.926242299794666,0.07962277671372156,0.923464633055228
43.92778234086243,0.07962277671372156,0.923464633055228
43.95624229979466,0.07997885618899793,0.9231358647905427
43.95770020533881,0.07997885618899793,0.9231358647905427
43.95911704312115,0.07997885618899793,0.9231358647905427
43.9934907597536,0.07997885618899793,0.9231358647905427
43.99624229979466,0.07997885618899793,0.9231358647905427
44.02215605749487,0.07997885618899793,0.9231358647905427
44.02340862422998,0.07997885618899793,0.9231358647905427
44.02624229979466,0.08033676567356661,0.9228055248284178
44.08624229979466,0.08033676567356661,0.9228055248284178
44.092238193018474,0.08033676567356661,0.9228055248284178
44.186242299794664,0.08033676567356661,0.9228055248284178
44.18640657084189,0.08033676567356661,0.9228055248284178
44.1929363449692,0.08033676567356661,0.9228055248284178
44.22217659137577,0.08033676567356661,0.9228055248284178
44.22404517453799,0.08033676567356661,0.9228055248284178
44.22490759753593,0.08033676567356661,0.9228055248284178
44.252053388090346,0.08033676567356661,0.9228055248284178
44.25209445585216,0.08033676567356661,0.9228055248284178
44.25340862422998,0.08033676567356661,0.9228055248284178
44.256242299794664,0.08033676567356661,0.9228055248284178
44.25915811088296,0.08033676567356661,0.9228055248284178
44.286242299794665,0.08033676567356661,0.9228055248284178
44.29197125256673,0.08033676567356661,0.9228055248284178
44.319199178644766,0.08033676567356661,0.9228055248284178
44.356242299794665,0.08033676567356661,0.9228055248284178
44.38624229979466,0.08033676567356661,0.9228055248284178
44.38776180698152,0.08033676567356661,0.9228055248284178
44.414928131416836,0.08033676567356661,0.9228055248284178
44.41624229979466,0.08033676567356661,0.9228055248284178
44.45624229979466,0.08033676567356661,0.9228055248284178
44.48092402464066,0.08033676567356661,0.9228055248284178
44.48624229979466,0.08033676567356661,0.9228055248284178
44.48671457905544,0.08033676567356661,0.9228055248284178
44.51624229979466,0.08033676567356661,0.9228055248284178
44.583511293634494,0.08070122237654599,0.9224692634494265
44.61624229979466,0.08070122237654599,0.9224692634494265
44.646242299794665,0.08070122237654599,0.9224692634494265
44.67917864476386,0.08070122237654599,0.9224692634494265
44.68632443531828,0.08106604365421194,0.9221327884144853
44.71338809034907,0.08106604365421194,0.9221327884144853
44.74340862422998,0.08106604365421194,0.9221327884144853
44.74624229979466,0.08143179437711055,0.9217955793515027
44.75197125256673,0.08179829226385221,0.9214578051202144
44.77624229979466,0.08179829226385221,0.9214578051202144
44.777864476386036,0.08179829226385221,0.9214578051202144
44.78482546201232,0.08179829226385221,0.9214578051202144
44.81624229979466,0.08179829226385221,0.9214578051202144
44.87624229979466,0.08179829226385221,0.9214578051202144
44.907700205338806,0.08179829226385221,0.9214578051202144
44.91349075975359,0.08179829226385221,0.9214578051202144
44.913572895277206,0.08179829226385221,0.9214578051202144
44.915030800821356,0.08179829226385221,0.9214578051202144
44.91624229979466,0.08179829226385221,0.9214578051202144
44.94486652977413,0.08179829226385221,0.9214578051202144
44.94624229979466,0.08179829226385221,0.9214578051202144
44.97342915811089,0.08179829226385221,0.9214578051202144
44.97488706365503,0.08179829226385221,0.9214578051202144
44.97624229979466,0.08179829226385221,0.9214578051202144
44.98203285420944,0.08179829226385221,0.9214578051202144
45.040533880903496,0.08179829226385221,0.9214578051202144
45.04624229979466,0.08179829226385221,0.9214578051202144
45.106242299794665,0.08216888217388235,0.9211163854223733
45.1076796714579,0.08216888217388235,0.9211163854223733
45.13782340862423,0.08216888217388235,0.9211163854223733
45.14053388090349,0.08216888217388235,0.9211163854223733
45.14342915811088,0.08216888217388235,0.9211163854223733
45.14482546201232,0.08216888217388235,0.9211163854223733
45.146242299794665,0.08216888217388235,0.9211163854223733
45.17053388090349,0.08216888217388235,0.9211163854223733
45.17338809034907,0.08216888217388235,0.9211163854223733
45.20624229979466,0.08216888217388235,0.9211163854223733
45.27055441478439,0.08216888217388235,0.9211163854223733
45.304825462012325,0.08216888217388235,0.9211163854223733
45.307679671457905,0.08216888217388235,0.9211163854223733
45.31053388090349,0.08216888217388235,0.9211163854223733
45.33624229979466,0.08216888217388235,0.9211163854223733
45.34338809034907,0.08216888217388235,0.9211163854223733
45.36767967145791,0.08216888217388235,0.9211163854223733
45.37080082135524,0.08216888217388235,0.9211163854223733
45.37624229979466,0.08216888217388235,0.9211163854223733
45.40069815195072,0.08216888217388235,0.9211163854223733
45.40624229979466,0.08216888217388235,0.9211163854223733
45.436242299794664,0.08216888217388235,0.9211163854223733
45.44197125256674,0.08216888217388235,0.9211163854223733
45.49913757700206,0.08216888217388235,0.9211163854223733
45.50774127310061,0.08216888217388235,0.9211163854223733
45.5335728952772,0.08216888217388235,0.9211163854223733
45.533839835728955,0.08216888217388235,0.9211163854223733
45.53482546201232,0.08216888217388235,0.9211163854223733
45.53484599589323,0.08216888217388235,0.9211163854223733
45.536242299794665,0.08216888217388235,0.9211163854223733
45.539117043121145,0.08216888217388235,0.9211163854223733
45.60634496919918,0.08216888217388235,0.9211163854223733
45.63344969199179,0.08216888217388235,0.9211163854223733
45.63375770020534,0.08216888217388235,0.9211163854223733
45.66340862422998,0.08216888217388235,0.9211163854223733
45.66349075975359,0.08216888217388235,0.9211163854223733
45.66624229979466,0.08216888217388235,0.9211163854223733
45.66782340862423,0.08216888217388235,0.9211163854223733
45.670595482546204,0.08216888217388235,0.9211163854223733
45.699137577002055,0.08216888217388235,0.9211163854223733
45.76624229979466,0.08216888217388235,0.9211163854223733
45.77053388090349,0.08216888217388235,0.9211163854223733
45.79628336755647,0.08216888217388235,0.9211163854223733
45.829383983572896,0.08216888217388235,0.9211163854223733
45.83063655030801,0.08216888217388235,0.9211163854223733
45.83624229979466,0.08216888217388235,0.9211163854223733
45.860533880903496,0.08216888217388235,0.9211163854223733
45.860882956878854,0.08216888217388235,0.9211163854223733
45.862156057494865,0.08216888217388235,0.9211163854223733
45.896242299794665,0.08216888217388235,0.9211163854223733
45.96053388090349,0.08216888217388235,0.9211163854223733
45.966242299794665,0.08216888217388235,0.9211163854223733
45.995010266940454,0.08216888217388235,0.9211163854223733
45.99624229979466,0.08216888217388235,0.9211163854223733
45.99772073921971,0.08216888217388235,0.9211163854223733
46.024907597535936,0.08255481418065042,0.9207609657156121
46.02624229979466,0.08255481418065042,0.9207609657156121
46.03053388090349,0.08255481418065042,0.9207609657156121
46.0334907597536,0.0829412110924611,0.9204052552490823
46.06624229979466,0.08332783086907913,0.9200494771547552
46.09624229979466,0.08371460368122463,0.9196936958388683
46.129117043121155,0.08371460368122463,0.9196936958388683
46.190533880903494,0.08371460368122463,0.9196936958388683
46.1935318275154,0.08371460368122463,0.9196936958388683
46.19624229979466,0.08371460368122463,0.9196936958388683
46.229281314168375,0.08371460368122463,0.9196936958388683
46.25523613963039,0.08371460368122463,0.9196936958388683
46.256242299794664,0.08371460368122463,0.9196936958388683
46.25784394250513,0.08371460368122463,0.9196936958388683
46.259117043121144,0.08371460368122463,0.9196936958388683
46.290533880903496,0.08371460368122463,0.9196936958388683
46.2906160164271,0.08371460368122463,0.9196936958388683
46.29624229979466,0.08371460368122463,0.9196936958388683
46.322340862423,0.08371460368122463,0.9196936958388683
46.32340862422998,0.08371460368122463,0.9196936958388683
46.32634496919918,0.08371460368122463,0.9196936958388683
46.35507186858316,0.08371460368122463,0.9196936958388683
46.356242299794665,0.08371460368122463,0.9196936958388683
46.35630390143737,0.08371460368122463,0.9196936958388683
46.38624229979466,0.08371460368122463,0.9196936958388683
46.419117043121155,0.08410606417617189,0.9193337425478387
46.42338809034907,0.08410606417617189,0.9193337425478387
46.426242299794666,0.08410606417617189,0.9193337425478387
46.45338809034907,0.08410606417617189,0.9193337425478387
46.46053388090349,0.08410606417617189,0.9193337425478387
46.48624229979466,0.08410606417617189,0.9193337425478387
46.52238193018481,0.08410606417617189,0.9193337425478387
46.524907597535936,0.08410606417617189,0.9193337425478387
46.52624229979466,0.08410606417617189,0.9193337425478387
46.55486652977413,0.08410606417617189,0.9193337425478387
46.55636550308008,0.08410606417617189,0.9193337425478387
46.58624229979466,0.08410606417617189,0.9193337425478387
46.62197125256674,0.08410606417617189,0.9193337425478387
46.65624229979466,0.08410606417617189,0.9193337425478387
46.716242299794665,0.08410606417617189,0.9193337425478387
46.71628336755647,0.08410606417617189,0.9193337425478387
46.71638603696099,0.08410606417617189,0.9193337425478387
46.75075975359343,0.08410606417617189,0.9193337425478387
46.756242299794664,0.08410606417617189,0.9193337425478387
46.7834907597536,0.08410606417617189,0.9193337425478387
46.786242299794665,0.08450261742586504,0.9189692500397996
46.82053388090349,0.08490074109564823,0.9186034594493335
46.82199178644764,0.08490074109564823,0.9186034594493335
46.84624229979466,0.08490074109564823,0.9186034594493335
46.84772073921971,0.08490074109564823,0.9186034594493335
46.88624229979466,0.085299488148358,0.9182372420461765
46.8876796714579,0.085299488148358,0.9182372420461765
46.911991786447636,0.085299488148358,0.9182372420461765
46.94624229979466,0.085299488148358,0.9182372420461765
46.94630390143737,0.085299488148358,0.9182372420461765
46.980533880903494,0.085299488148358,0.9182372420461765
46.98055441478439,0.085299488148358,0.9182372420461765
47.01199178644764,0.085299488148358,0.9182372420461765
47.01624229979466,0.085299488148358,0.9182372420461765
47.043388090349076,0.085299488148358,0.9182372420461765
47.076242299794664,0.085299488148358,0.9182372420461765
47.14344969199179,0.085299488148358,0.9182372420461765
47.146242299794665,0.085299488148358,0.9182372420461765
47.176242299794666,0.085299488148358,0.9182372420461765
47.18197125256673,0.085299488148358,0.9182372420461765
47.18338809034908,0.08570215304215659,0.9178675745756772
47.21199178644764,0.08570215304215659,0.9178675745756772
47.21367556468173,0.08570215304215659,0.9178675745756772
47.21486652977413,0.08570215304215659,0.9178675745756772
47.216242299794665,0.08570215304215659,0.9178675745756772
47.24201232032854,0.08570215304215659,0.9178675745756772
47.24342915811088,0.08570215304215659,0.9178675745756772
47.24780287474333,0.08570215304215659,0.9178675745756772
47.24926078028747,0.08570215304215659,0.9178675745756772
47.27338809034907,0.08570215304215659,0.9178675745756772
47.27632443531827,0.08570215304215659,0.9178675745756772
47.27788501026694,0.08570215304215659,0.9178675745756772
47.281971252566734,0.08570215304215659,0.9178675745756772
47.30790554414784,0.08570215304215659,0.9178675745756772
47.311971252566735,0.08570215304215659,0.9178675745756772
47.31201232032854,0.08570215304215659,0.9178675745756772
47.34642710472279,0.08570215304215659,0.9178675745756772
47.37624229979466,0.08570215304215659,0.9178675745756772
47.40624229979466,0.08570215304215659,0.9178675745756772
47.41349075975359,0.08570215304215659,0.9178675745756772
47.43911704312114,0.08570215304215659,0.9178675745756772
47.439178644763864,0.08570215304215659,0.9178675745756772
47.443388090349075,0.08570215304215659,0.9178675745756772
47.44644763860369,0.08570215304215659,0.9178675745756772
47.47624229979466,0.08570215304215659,0.9178675745756772
47.506242299794664,0.08611117564686285,0.9174922227584709
47.54221765913758,0.08611117564686285,0.9174922227584709
47.57201232032854,0.08611117564686285,0.9174922227584709
47.576242299794664,0.08611117564686285,0.9174922227584709
47.57778234086243,0.08611117564686285,0.9174922227584709
47.606242299794665,0.08611117564686285,0.9174922227584709
47.60772073921971,0.08611117564686285,0.9174922227584709
47.63624229979466,0.08611117564686285,0.9174922227584709
47.64203285420944,0.08611117564686285,0.9174922227584709
47.66774127310061,0.08611117564686285,0.9174922227584709
47.66917864476386,0.08611117564686285,0.9174922227584709
47.67338809034907,0.08652314826042055,0.9171143189378994
47.70340862422998,0.08652314826042055,0.9171143189378994
47.70496919917864,0.08652314826042055,0.9171143189378994
47.70624229979466,0.08652314826042055,0.9171143189378994
47.70632443531827,0.08652314826042055,0.9171143189378994
47.73624229979466,0.08652314826042055,0.9171143189378994
47.76917864476386,0.08652314826042055,0.9171143189378994
47.77338809034907,0.08652314826042055,0.9171143189378994
47.83624229979466,0.08652314826042055,0.9171143189378994
47.86624229979466,0.08652314826042055,0.9171143189378994
47.86770020533881,0.08652314826042055,0.9171143189378994
47.86784394250513,0.08652314826042055,0.9171143189378994
47.89798767967146,0.08652314826042055,0.9171143189378994
47.903408624229975,0.08652314826042055,0.9171143189378994
47.93053388090349,0.08652314826042055,0.9171143189378994
47.930554414784396,0.08652314826042055,0.9171143189378994
47.9340862422998,0.08652314826042055,0.9171143189378994
47.936242299794664,0.08693756486861257,0.9167343302747656
47.96913757700206,0.08735240181864427,0.9163541138705644
48.02915811088296,0.08735240181864427,0.9163541138705644
48.03067761806981,0.08735240181864427,0.9163541138705644
48.030903490759755,0.087768260184574,0.9159731195714812
48.09624229979466,0.087768260184574,0.9159731195714812
48.099137577002054,0.087768260184574,0.9159731195714812
48.101971252566734,0.087768260184574,0.9159731195714812
48.102176591375766,0.087768260184574,0.9159731195714812
48.131971252566736,0.087768260184574,0.9159731195714812
48.13624229979466,0.087768260184574,0.9159731195714812
48.164825462012324,0.087768260184574,0.9159731195714812
48.19624229979466,0.087768260184574,0.9159731195714812
48.22921971252567,0.087768260184574,0.9159731195714812
48.26626283367556,0.087768260184574,0.9159731195714812
48.29197125256673,0.087768260184574,0.9159731195714812
48.29624229979466,0.087768260184574,0.9159731195714812
48.330533880903495,0.087768260184574,0.9159731195714812
48.360574948665295,0.087768260184574,0.9159731195714812
48.364455852156055,0.087768260184574,0.9159731195714812
48.36482546201232,0.087768260184574,0.9159731195714812
48.394887063655034,0.087768260184574,0.9159731195714812
48.396242299794665,0.087768260184574,0.9159731195714812
48.426242299794666,0.087768260184574,0.9159731195714812
48.4606160164271,0.087768260184574,0.9159731195714812
48.52340862422998,0.087768260184574,0.9159731195714812
48.52624229979466,0.087768260184574,0.9159731195714812
48.526919917864475,0.087768260184574,0.9159731195714812
48.529117043121154,0.087768260184574,0.9159731195714812
48.55624229979466,0.087768260184574,0.9159731195714812
48.557700205338804,0.087768260184574,0.9159731195714812
48.58921971252567,0.087768260184574,0.9159731195714812
48.59486652977413,0.087768260184574,0.9159731195714812
48.62209445585216,0.087768260184574,0.9159731195714812
48.624825462012325,0.087768260184574,0.9159731195714812
48.62624229979466,0.087768260184574,0.9159731195714812
48.654825462012326,0.087768260184574,0.9159731195714812
48.65624229979466,0.087768260184574,0.9159731195714812
48.656324435318275,0.087768260184574,0.9159731195714812
48.72624229979466,0.087768260184574,0.9159731195714812
48.727700205338806,0.087768260184574,0.9159731195714812
48.756242299794664,0.087768260184574,0.9159731195714812
48.78482546201232,0.087768260184574,0.9159731195714812
48.786242299794665,0.087768260184574,0.9159731195714812
48.8164476386037,0.087768260184574,0.9159731195714812
48.82053388090349,0.087768260184574,0.9159731195714812
48.826242299794664,0.08819744475954666,0.9155800823862533
48.85209445585216,0.08862726338158676,0.9151866335787441
48.85347022587269,0.08905738803400513,0.9147930738920075
48.856242299794665,0.08905738803400513,0.9147930738920075
48.88624229979466,0.08905738803400513,0.9147930738920075
48.88915811088296,0.08905738803400513,0.9147930738920075
48.91624229979466,0.08905738803400513,0.9147930738920075
48.92338809034907,0.08905738803400513,0.9147930738920075
48.9505954825462,0.08905738803400513,0.9147930738920075
48.95160164271047,0.08905738803400513,0.9147930738920075
48.95482546201232,0.08905738803400513,0.9147930738920075
48.98624229979466,0.08905738803400513,0.9147930738920075
49.01624229979466,0.08905738803400513,0.9147930738920075
49.01772073921971,0.08905738803400513,0.9147930738920075
49.052094455852156,0.0894911714324815,0.9143963378984769
49.113613963039015,0.0894911714324815,0.9143963378984769
49.11624229979466,0.0894911714324815,0.9143963378984769
49.146242299794665,0.0894911714324815,0.9143963378984769
49.152238193018476,0.0894911714324815,0.9143963378984769
49.182053388090345,0.0894911714324815,0.9143963378984769
49.182669404517455,0.0894911714324815,0.9143963378984769
49.187720739219706,0.0894911714324815,0.9143963378984769
49.21484599589323,0.0894911714324815,0.9143963378984769
49.2435318275154,0.0894911714324815,0.9143963378984769
49.25344969199179,0.0894911714324815,0.9143963378984769
49.278172484599594,0.0894911714324815,0.9143963378984769
49.28053388090349,0.0894911714324815,0.9143963378984769
49.2805544147844,0.0894911714324815,0.9143963378984769
49.28505133470226,0.0894911714324815,0.9143963378984769
49.286242299794665,0.0894911714324815,0.9143963378984769
49.30975359342916,0.0894911714324815,0.9143963378984769
49.44624229979466,0.0894911714324815,0.9143963378984769
49.44636550308008,0.0894911714324815,0.9143963378984769
49.47624229979466,0.0894911714324815,0.9143963378984769
49.48203285420944,0.0894911714324815,0.9143963378984769
49.512032854209444,0.0894911714324815,0.9143963378984769
49.513408624229974,0.0894911714324815,0.9143963378984769
49.51357289527721,0.0894911714324815,0.9143963378984769
49.54624229979466,0.0894911714324815,0.9143963378984769
49.54767967145791,0.0894911714324815,0.9143963378984769
49.58199178644764,0.0894911714324815,0.9143963378984769
49.613408624229976,0.0894911714324815,0.9143963378984769
49.67486652977413,0.0894911714324815,0.9143963378984769
49.676242299794666,0.0894911714324815,0.9143963378984769
49.6776796714579,0.0894911714324815,0.9143963378984769
49.70624229979466,0.0894911714324815,0.9143963378984769
49.73634496919917,0.0894911714324815,0.9143963378984769
49.74338809034907,0.0894911714324815,0.9143963378984769
49.7435318275154,0.0894911714324815,0.9143963378984769
49.74486652977413,0.0894911714324815,0.9143963378984769
49.77624229979466,0.0894911714324815,0.9143963378984769
49.803408624229974,0.0894911714324815,0.9143963378984769
49.8105544147844,0.0894911714324815,0.9143963378984769
49.811971252566735,0.0894911714324815,0.9143963378984769
49.83624229979466,0.0894911714324815,0.9143963378984769
49.87624229979466,0.09037958330707954,0.9135843380823458
49.90624229979466,0.09037958330707954,0.9135843380823458
49.936242299794664,0.09037958330707954,0.9135843380823458
49.94197125256674,0.09037958330707954,0.9135843380823458
49.96636550308008,0.09037958330707954,0.9135843380823458
49.96800821355236,0.09037958330707954,0.9135843380823458
49.970533880903496,0.09037958330707954,0.9135843380823458
49.97624229979466,0.09082725393226379,0.9131754447421555
50.00344969199179,0.09082725393226379,0.9131754447421555
50.006242299794664,0.09082725393226379,0.9131754447421555
50.03338809034907,0.09082725393226379,0.9131754447421555
50.106242299794665,0.09082725393226379,0.9131754447421555
50.13053388090349,0.09082725393226379,0.9131754447421555
50.13624229979466,0.09082725393226379,0.9131754447421555
50.16624229979466,0.09082725393226379,0.9131754447421555
50.16626283367557,0.09082725393226379,0.9131754447421555
50.19650924024641,0.09082725393226379,0.9131754447421555
50.20338809034907,0.09082725393226379,0.9131754447421555
50.23197125256674,0.09082725393226379,0.9131754447421555
50.232094455852156,0.09082725393226379,0.9131754447421555
50.23624229979466,0.09082725393226379,0.9131754447421555
50.26624229979466,0.09082725393226379,0.9131754447421555
50.294989733059545,0.09082725393226379,0.9131754447421555
50.300533880903494,0.09128073652221784,0.9127614294578481
50.36624229979466,0.09128073652221784,0.9127614294578481
50.396242299794665,0.09128073652221784,0.9127614294578481
50.3976796714579,0.09128073652221784,0.9127614294578481
50.39794661190965,0.09128073652221784,0.9127614294578481
50.39930184804928,0.09128073652221784,0.9127614294578481
50.426242299794666,0.09173567239367945,0.9123462759827654
50.42634496919918,0.09173567239367945,0.9123462759827654
50.46501026694045,0.09173567239367945,0.9123462759827654
50.466242299794665,0.09173567239367945,0.9123462759827654
50.4935112936345,0.09173567239367945,0.9123462759827654
50.49624229979466,0.09219213293435721,0.911929920940398
50.500882956878854,0.09219213293435721,0.911929920940398
50.53100616016427,0.09219213293435721,0.911929920940398
50.56486652977413,0.09219213293435721,0.911929920940398
50.59055441478439,0.09219213293435721,0.911929920940398
50.59624229979466,0.09219213293435721,0.911929920940398
50.59934291581109,0.09219213293435721,0.911929920940398
50.62624229979466,0.09219213293435721,0.911929920940398
50.63053388090349,0.09219213293435721,0.911929920940398
50.65624229979466,0.09219213293435721,0.911929920940398
50.66065708418891,0.09219213293435721,0.911929920940398
50.662689938398366,0.09219213293435721,0.911929920940398
50.66342915811088,0.09219213293435721,0.911929920940398
50.665154004106775,0.09219213293435721,0.911929920940398
50.69197125256674,0.09219213293435721,0.911929920940398
50.69205338809034,0.09219213293435721,0.911929920940398
50.72624229979466,0.09219213293435721,0.911929920940398
50.756242299794664,0.09219213293435721,0.911929920940398
50.792032854209445,0.09219213293435721,0.911929920940398
50.79365503080082,0.09219213293435721,0.911929920940398
50.856262833675565,0.09219213293435721,0.911929920940398
50.860533880903496,0.09219213293435721,0.911929920940398
50.88624229979466,0.09219213293435721,0.911929920940398
50.88913757700205,0.09219213293435721,0.911929920940398
50.92342915811088,0.09219213293435721,0.911929920940398
50.926242299794666,0.09219213293435721,0.911929920940398
50.92630390143737,0.09219213293435721,0.911929920940398
50.95624229979466,0.09219213293435721,0.911929920940398
50.98624229979466,0.09219213293435721,0.911929920940398
50.987700205338804,0.09219213293435721,0.911929920940398
50.989137577002055,0.09219213293435721,0.911929920940398
50.99242299794661,0.09219213293435721,0.911929920940398
51.02624229979466,0.09219213293435721,0.911929920940398
51.053388090349074,0.09219213293435721,0.911929920940398
51.083408624229975,0.09266009576306869,0.9115032714708404
51.09201232032854,0.09266009576306869,0.9115032714708404
51.11628336755647,0.09266009576306869,0.9115032714708404
51.11630390143737,0.09266009576306869,0.9115032714708404
51.15624229979466,0.09266009576306869,0.9115032714708404
51.15671457905544,0.09266009576306869,0.9115032714708404
51.18209445585216,0.09266009576306869,0.9115032714708404
51.18359342915811,0.09266009576306869,0.9115032714708404
51.186242299794664,0.09266009576306869,0.9115032714708404
51.21484599589323,0.09266009576306869,0.9115032714708404
51.21948665297741,0.09266009576306869,0.9115032714708404
51.28053388090349,0.09266009576306869,0.9115032714708404
51.2876796714579,0.09266009576306869,0.9115032714708404
51.31488706365503,0.09266009576306869,0.9115032714708404
51.34921971252567,0.09266009576306869,0.9115032714708404
51.35386036960986,0.09266009576306869,0.9115032714708404
51.38624229979466,0.09266009576306869,0.9115032714708404
51.3876796714579,0.09266009576306869,0.9115032714708404
51.44624229979466,0.09266009576306869,0.9115032714708404
51.483572895277206,0.09266009576306869,0.9115032714708404
51.48624229979466,0.09266009576306869,0.9115032714708404
51.5194045174538,0.09266009576306869,0.9115032714708404
51.57913757700206,0.09266009576306869,0.9115032714708404
51.610554414784396,0.09266009576306869,0.9115032714708404
51.61209445585216,0.09266009576306869,0.9115032714708404
51.613388090349076,0.09313792443695236,0.9110678331121446
51.61628336755647,0.09313792443695236,0.9110678331121446
51.646242299794665,0.09361696970014399,0.9106314949034664
51.6476796714579,0.09361696970014399,0.9106314949034664
51.64778234086243,0.09361696970014399,0.9106314949034664
51.6764476386037,0.09361696970014399,0.9106314949034664
51.6805954825462,0.09409700206080851,0.9101944672193799
51.71494866529774,0.09409700206080851,0.9101944672193799
51.716242299794665,0.09409700206080851,0.9101944672193799
51.740616016427104,0.09409700206080851,0.9101944672193799
51.77349075975359,0.09409700206080851,0.9101944672193799
51.78053388090349,0.09409700206080851,0.9101944672193799
51.781971252566734,0.09409700206080851,0.9101944672193799
51.81053388090349,0.09409700206080851,0.9101944672193799
51.813655030800824,0.09409700206080851,0.9101944672193799
51.83919917864476,0.09409700206080851,0.9101944672193799
51.84624229979466,0.09409700206080851,0.9101944672193799
51.87197125256674,0.09409700206080851,0.9101944672193799
51.87199178644764,0.09409700206080851,0.9101944672193799
51.873388090349074,0.09409700206080851,0.9101944672193799
51.873408624229974,0.09409700206080851,0.9101944672193799
51.87624229979466,0.09409700206080851,0.9101944672193799
51.876324435318274,0.09409700206080851,0.9101944672193799
51.904825462012326,0.09409700206080851,0.9101944672193799
51.90624229979466,0.09409700206080851,0.9101944672193799
51.907761806981526,0.09409700206080851,0.9101944672193799
51.94369609856263,0.09409700206080851,0.9101944672193799
51.973388090349076,0.09409700206080851,0.9101944672193799
52.036242299794665,0.09409700206080851,0.9101944672193799
52.04082135523614,0.09409700206080851,0.9101944672193799
52.10772073921971,0.09409700206080851,0.9101944672193799
52.110533880903496,0.09409700206080851,0.9101944672193799
52.13624229979466,0.09409700206080851,0.9101944672193799
52.136262833675566,0.09409700206080851,0.9101944672193799
52.14340862422998,0.09409700206080851,0.9101944672193799
52.171971252566735,0.09409700206080851,0.9101944672193799
52.17482546201232,0.09409700206080851,0.9101944672193799
52.176242299794666,0.09409700206080851,0.9101944672193799
52.20205338809035,0.09409700206080851,0.9101944672193799
52.20338809034907,0.09409700206080851,0.9101944672193799
52.20624229979466,0.09409700206080851,0.9101944672193799
52.24053388090349,0.09409700206080851,0.9101944672193799
52.24215605749487,0.09409700206080851,0.9101944672193799
52.26626283367556,0.09409700206080851,0.9101944672193799
52.26919917864476,0.09409700206080851,0.9101944672193799
52.274928131416836,0.09409700206080851,0.9101944672193799
52.303388090349074,0.09459368903713389,0.9097424977345586
52.3035318275154,0.09459368903713389,0.9097424977345586
52.30624229979466,0.09459368903713389,0.9097424977345586
52.36624229979466,0.09459368903713389,0.9097424977345586
52.370554414784394,0.09459368903713389,0.9097424977345586
52.3976796714579,0.09459368903713389,0.9097424977345586
52.400533880903495,0.09459368903713389,0.9097424977345586
52.40626283367556,0.09459368903713389,0.9097424977345586
52.43482546201232,0.09459368903713389,0.9097424977345586
52.43484599589323,0.09459368903713389,0.9097424977345586
52.436242299794664,0.09459368903713389,0.9097424977345586
52.46340862422998,0.09459368903713389,0.9097424977345586
52.469199178644764,0.09459368903713389,0.9097424977345586
52.499117043121146,0.09459368903713389,0.9097424977345586
52.505318275153996,0.09459368903713389,0.9097424977345586
52.536242299794665,0.09459368903713389,0.9097424977345586
52.561971252566735,0.09459368903713389,0.9097424977345586
52.56367556468172,0.09459368903713389,0.9097424977345586
52.56774127310062,0.09459368903713389,0.9097424977345586
52.56913757700205,0.09509728769457822,0.9092844679753456
52.59624229979466,0.09560125059530988,0.90882633778728
52.630616016427105,0.09560125059530988,0.90882633778728
52.63624229979466,0.09560125059530988,0.90882633778728
52.636386036960985,0.09560125059530988,0.90882633778728
52.667679671457904,0.09560125059530988,0.90882633778728
52.69624229979466,0.09610716867299887,0.9083666624023616
52.696611909650926,0.09610716867299887,0.9083666624023616
52.70053388090349,0.09610716867299887,0.9083666624023616
52.72624229979466,0.09610716867299887,0.9083666624023616
52.73197125256674,0.09610716867299887,0.9083666624023616
52.73344969199179,0.09610716867299887,0.9083666624023616
52.76624229979466,0.09610716867299887,0.9083666624023616
52.76650924024641,0.09610716867299887,0.9083666624023616
52.830533880903495,0.09610716867299887,0.9083666624023616
52.860574948665295,0.09610716867299887,0.9083666624023616
52.86624229979466,0.09610716867299887,0.9083666624023616
52.89363449691992,0.09610716867299887,0.9083666624023616
52.89482546201232,0.09610716867299887,0.9083666624023616
52.89772073921971,0.09610716867299887,0.9083666624023616
52.924907597535935,0.09610716867299887,0.9083666624023616
52.95624229979466,0.09610716867299887,0.9083666624023616
52.95774127310061,0.09610716867299887,0.9083666624023616
52.9605544147844,0.09610716867299887,0.9083666624023616
53.02624229979466,0.09610716867299887,0.9083666624023616
53.05638603696099,0.09610716867299887,0.9083666624023616
53.09624229979466,0.09610716867299887,0.9083666624023616
53.12636550308008,0.09610716867299887,0.9083666624023616
53.15624229979466,0.09610716867299887,0.9083666624023616
53.16069815195072,0.09610716867299887,0.9083666624023616
53.186242299794664,0.09610716867299887,0.9083666624023616
53.18911704312114,0.09610716867299887,0.9083666624023616
53.227679671457906,0.09610716867299887,0.9083666624023616
53.286242299794665,0.09610716867299887,0.9083666624023616
53.319322381930185,0.09610716867299887,0.9083666624023616
53.3235318275154,0.09610716867299887,0.9083666624023616
53.356242299794665,0.09610716867299887,0.9083666624023616
53.39221765913757,0.09610716867299887,0.9083666624023616
53.41624229979466,0.09610716867299887,0.9083666624023616
53.45626283367557,0.09610716867299887,0.9083666624023616
53.45675564681725,0.09610716867299887,0.9083666624023616
53.54796714579056,0.09610716867299887,0.9083666624023616
53.54804928131417,0.09610716867299887,0.9083666624023616
53.55624229979466,0.09610716867299887,0.9083666624023616
53.583388090349075,0.09610716867299887,0.9083666624023616
53.58342915811089,0.0966278576554285,0.9078938090047028
53.61624229979466,0.09714972380950507,0.9074201335626284
53.646242299794665,0.09714972380950507,0.9074201335626284
53.649219712525664,0.09714972380950507,0.9074201335626284
53.65490759753593,0.09714972380950507,0.9074201335626284
53.68338809034908,0.09714972380950507,0.9074201335626284
53.686242299794664,0.09714972380950507,0.9074201335626284
53.716242299794665,0.09714972380950507,0.9074201335626284
53.74624229979466,0.09714972380950507,0.9074201335626284
53.74630390143737,0.09714972380950507,0.9074201335626284
53.74772073921971,0.09714972380950507,0.9074201335626284
53.779117043121154,0.09714972380950507,0.9074201335626284
53.786242299794665,0.09714972380950507,0.9074201335626284
53.81624229979466,0.09714972380950507,0.9074201335626284
53.816283367556466,0.09714972380950507,0.9074201335626284
53.84347022587269,0.09714972380950507,0.9074201335626284
53.847885010266936,0.09767697678122617,0.9069418197078895
53.87624229979466,0.09767697678122617,0.9069418197078895
53.880698151950725,0.09767697678122617,0.9069418197078895
53.91624229979466,0.09767697678122617,0.9069418197078895
53.94207392197126,0.09767697678122617,0.9069418197078895
53.983798767967144,0.09767697678122617,0.9069418197078895
54.01624229979466,0.09767697678122617,0.9069418197078895
54.04199178644764,0.09767697678122617,0.9069418197078895
54.04624229979466,0.09767697678122617,0.9069418197078895
54.04772073921971,0.09767697678122617,0.9069418197078895
54.076242299794664,0.09767697678122617,0.9069418197078895
54.07767967145791,0.09767697678122617,0.9069418197078895
54.106242299794665,0.09767697678122617,0.9069418197078895
54.146242299794665,0.09767697678122617,0.9069418197078895
54.176283367556465,0.09767697678122617,0.9069418197078895
54.20624229979466,0.09767697678122617,0.9069418197078895
54.2076796714579,0.09767697678122617,0.9069418197078895
54.20774127310061,0.09821263641892447,0.9064561376730758
54.209199178644766,0.09874992256757192,0.9059692421587683
54.209322381930185,0.09874992256757192,0.9059692421587683
54.239117043121155,0.09874992256757192,0.9059692421587683
54.24624229979466,0.09874992256757192,0.9059692421587683
54.27053388090349,0.09874992256757192,0.9059692421587683
54.27624229979466,0.09874992256757192,0.9059692421587683
54.279117043121154,0.09874992256757192,0.9059692421587683
54.303388090349074,0.09874992256757192,0.9059692421587683
54.30624229979466,0.09874992256757192,0.9059692421587683
54.31053388090349,0.09874992256757192,0.9059692421587683
54.33624229979466,0.09929185411843106,0.905478401855271
54.340616016427106,0.09929185411843106,0.905478401855271
54.37624229979466,0.09983436888613825,0.9049872996775616
54.40197125256673,0.09983436888613825,0.9049872996775616
54.40626283367556,0.09983436888613825,0.9049872996775616
54.436242299794664,0.09983436888613825,0.9049872996775616
54.46800821355236,0.09983436888613825,0.9049872996775616
54.474866529774125,0.09983436888613825,0.9049872996775616
54.50340862422998,0.09983436888613825,0.9049872996775616
54.506242299794664,0.09983436888613825,0.9049872996775616
54.534928131416834,0.09983436888613825,0.9049872996775616
54.53632443531827,0.09983436888613825,0.9049872996775616
54.54071868583163,0.09983436888613825,0.9049872996775616
54.56624229979466,0.09983436888613825,0.9049872996775616
54.572032854209446,0.09983436888613825,0.9049872996775616
54.57338809034908,0.09983436888613825,0.9049872996775616
54.6323203285421,0.09983436888613825,0.9049872996775616
54.63338809034907,0.09983436888613825,0.9049872996775616
54.73624229979466,0.09983436888613825,0.9049872996775616
54.73915811088296,0.09983436888613825,0.9049872996775616
54.76624229979466,0.09983436888613825,0.9049872996775616
54.769117043121156,0.09983436888613825,0.9049872996775616
54.79624229979466,0.09983436888613825,0.9049872996775616
54.797700205338806,0.09983436888613825,0.9049872996775616
54.83004106776181,0.09983436888613825,0.9049872996775616
54.83624229979466,0.09983436888613825,0.9049872996775616
54.83655030800821,0.09983436888613825,0.9049872996775616
54.8635523613963,0.09983436888613825,0.9049872996775616
54.86624229979466,0.09983436888613825,0.9049872996775616
54.89770020533881,0.09983436888613825,0.9049872996775616
54.899117043121144,0.09983436888613825,0.9049872996775616
54.96484599589323,0.09983436888613825,0.9049872996775616
54.966242299794665,0.1003916012125346,0.9044831519759466
54.99624229979466,0.1003916012125346,0.9044831519759466
54.99938398357289,0.1003916012125346,0.9044831519759466
55.02624229979466,0.1003916012125346,0.9044831519759466
55.03482546201232,0.1003916012125346,0.9044831519759466
55.059117043121155,0.1003916012125346,0.9044831519759466
55.065420944558525,0.1003916012125346,0.9044831519759466
55.0676796714579,0.1003916012125346,0.9044831519759466
55.09919917864477,0.1003916012125346,0.9044831519759466
55.10067761806981,0.1003916012125346,0.9044831519759466
55.10096509240246,0.1003916012125346,0.9044831519759466
55.13349075975359,0.1003916012125346,0.9044831519759466
55.157700205338806,0.1003916012125346,0.9044831519759466
55.16053388090349,0.10095364269526864,0.9039749377562173
55.162094455852156,0.10095364269526864,0.9039749377562173
55.16494866529774,0.10095364269526864,0.9039749377562173
55.190533880903494,0.10095364269526864,0.9039749377562173
55.19342915811088,0.10095364269526864,0.9039749377562173
55.19624229979466,0.10095364269526864,0.9039749377562173
55.22624229979466,0.10095364269526864,0.9039749377562173
55.226344969199175,0.10095364269526864,0.9039749377562173
55.23197125256674,0.10095364269526864,0.9039749377562173
55.256242299794664,0.10095364269526864,0.9039749377562173
55.259117043121144,0.10095364269526864,0.9039749377562173
55.26063655030801,0.10095364269526864,0.9039749377562173
55.264825462012325,0.10095364269526864,0.9039749377562173
55.296344969199176,0.10095364269526864,0.9039749377562173
55.32486652977413,0.10095364269526864,0.9039749377562173
55.356262833675565,0.10095364269526864,0.9039749377562173
55.4276796714579,0.10095364269526864,0.9039749377562173
55.45624229979466,0.10095364269526864,0.9039749377562173
55.461006160164274,0.10095364269526864,0.9039749377562173
55.48624229979466,0.10095364269526864,0.9039749377562173
55.4905749486653,0.10095364269526864,0.9039749377562173
55.490636550308004,0.10095364269526864,0.9039749377562173
55.52624229979466,0.10095364269526864,0.9039749377562173
55.55624229979466,0.10095364269526864,0.9039749377562173
55.560636550308004,0.10095364269526864,0.9039749377562173
55.584989733059544,0.10095364269526864,0.9039749377562173
55.58626283367556,0.10095364269526864,0.9039749377562173
55.589117043121156,0.10095364269526864,0.9039749377562173
55.620739219712526,0.10095364269526864,0.9039749377562173
55.62624229979466,0.10152796505507145,0.9034559137945622
55.686242299794664,0.10152796505507145,0.9034559137945622
55.716242299794665,0.10152796505507145,0.9034559137945622
55.72488706365503,0.10152796505507145,0.9034559137945622
55.75053388090349,0.10152796505507145,0.9034559137945622
55.786242299794665,0.10152796505507145,0.9034559137945622
55.78809034907598,0.10152796505507145,0.9034559137945622
55.81913757700205,0.10152796505507145,0.9034559137945622
55.82063655030801,0.10152796505507145,0.9034559137945622
55.856262833675565,0.10152796505507145,0.9034559137945622
55.91634496919917,0.10152796505507145,0.9034559137945622
55.91981519507186,0.10152796505507145,0.9034559137945622
55.94624229979466,0.10152796505507145,0.9034559137945622
55.97924024640657,0.10152796505507145,0.9034559137945622
55.98160164271047,0.10152796505507145,0.9034559137945622
55.98624229979466,0.10152796505507145,0.9034559137945622
55.98800821355237,0.10152796505507145,0.9034559137945622
56.01197125256674,0.10152796505507145,0.9034559137945622
56.0123819301848,0.10152796505507145,0.9034559137945622
56.044845995893226,0.10152796505507145,0.9034559137945622
56.04624229979466,0.10152796505507145,0.9034559137945622
56.079117043121144,0.10152796505507145,0.9034559137945622
56.083388090349075,0.10152796505507145,0.9034559137945622
56.114455852156055,0.10152796505507145,0.9034559137945622
56.14371663244353,0.10152796505507145,0.9034559137945622
56.146242299794665,0.10152796505507145,0.9034559137945622
56.17634496919918,0.10152796505507145,0.9034559137945622
56.18338809034908,0.10152796505507145,0.9034559137945622
56.20911704312115,0.10152796505507145,0.9034559137945622
56.20924024640657,0.10152796505507145,0.9034559137945622
56.2106160164271,0.10152796505507145,0.9034559137945622
56.250554414784396,0.10152796505507145,0.9034559137945622
56.27624229979466,0.10152796505507145,0.9034559137945622
56.27665297741274,0.10152796505507145,0.9034559137945622
56.2776796714579,0.10152796505507145,0.9034559137945622
56.3094045174538,0.10152796505507145,0.9034559137945622
56.311971252566735,0.10152796505507145,0.9034559137945622
56.31340862422998,0.10152796505507145,0.9034559137945622
56.31624229979466,0.10152796505507145,0.9034559137945622
56.37624229979466,0.10152796505507145,0.9034559137945622
56.44213552361396,0.10152796505507145,0.9034559137945622
56.44624229979466,0.10152796505507145,0.9034559137945622
56.48055441478439,0.10152796505507145,0.9034559137945622
56.540780287474334,0.10152796505507145,0.9034559137945622
56.54624229979466,0.10152796505507145,0.9034559137945622
56.576242299794664,0.10152796505507145,0.9034559137945622
56.57926078028747,0.10212916323406787,0.9029129209838848
56.60342915811088,0.10212916323406787,0.9029129209838848
56.606242299794665,0.10212916323406787,0.9029129209838848
56.63624229979466,0.10212916323406787,0.9029129209838848
56.63776180698152,0.10212916323406787,0.9029129209838848
56.669322381930186,0.10212916323406787,0.9029129209838848
56.70624229979466,0.10212916323406787,0.9029129209838848
56.73774127310061,0.10212916323406787,0.9029129209838848
56.767802874743325,0.10212916323406787,0.9029129209838848
56.803388090349074,0.10212916323406787,0.9029129209838848
56.807679671457905,0.10212916323406787,0.9029129209838848
56.833388090349075,0.10212916323406787,0.9029129209838848
56.837761806981526,0.10212916323406787,0.9029129209838848
56.86624229979466,0.10212916323406787,0.9029129209838848
56.87217659137577,0.10212916323406787,0.9029129209838848
56.936242299794664,0.10212916323406787,0.9029129209838848
56.973388090349076,0.10212916323406787,0.9029129209838848
57.006242299794664,0.10212916323406787,0.9029129209838848
57.036242299794665,0.10212916323406787,0.9029129209838848
57.066262833675566,0.10212916323406787,0.9029129209838848
57.13624229979466,0.10212916323406787,0.9029129209838848
57.13770020533881,0.10212916323406787,0.9029129209838848
57.19624229979466,0.10212916323406787,0.9029129209838848
57.20342915811088,0.10212916323406787,0.9029129209838848
57.26624229979466,0.10212916323406787,0.9029129209838848
57.269178644763855,0.10212916323406787,0.9029129209838848
57.293388090349076,0.10274374062133905,0.9023581816025736
57.29347022587269,0.10274374062133905,0.9023581816025736
57.29624229979466,0.10274374062133905,0.9023581816025736
57.29767967145791,0.10274374062133905,0.9023581816025736
57.326242299794664,0.10274374062133905,0.9023581816025736
57.334825462012326,0.10274374062133905,0.9023581816025736
57.466242299794665,0.10274374062133905,0.9023581816025736
57.49067761806981,0.10274374062133905,0.9023581816025736
57.491129363449694,0.10274374062133905,0.9023581816025736
57.49340862422998,0.10274374062133905,0.9023581816025736
57.49915811088295,0.10274374062133905,0.9023581816025736
57.53061601642711,0.10274374062133905,0.9023581816025736
57.55624229979466,0.10274374062133905,0.9023581816025736
57.55628336755647,0.10274374062133905,0.9023581816025736
57.59053388090349,0.10274374062133905,0.9023581816025736
57.59338809034907,0.10274374062133905,0.9023581816025736
57.594825462012324,0.10274374062133905,0.9023581816025736
57.62213552361397,0.10274374062133905,0.9023581816025736
57.65624229979466,0.10274374062133905,0.9023581816025736
57.69492813141684,0.10274374062133905,0.9023581816025736
57.69624229979466,0.10274374062133905,0.9023581816025736
57.72624229979466,0.10274374062133905,0.9023581816025736
57.756242299794664,0.10274374062133905,0.9023581816025736
57.786242299794665,0.10274374062133905,0.9023581816025736
57.819117043121146,0.10274374062133905,0.9023581816025736
57.82199178644763,0.10274374062133905,0.9023581816025736
57.85667351129363,0.10274374062133905,0.9023581816025736
57.92098562628336,0.10274374062133905,0.9023581816025736
57.95053388090349,0.10274374062133905,0.9023581816025736
57.95624229979466,0.10274374062133905,0.9023581816025736
57.984825462012324,0.10274374062133905,0.9023581816025736
57.98657084188911,0.10274374062133905,0.9023581816025736
58.01624229979466,0.10274374062133905,0.9023581816025736
58.020657084188905,0.10274374062133905,0.9023581816025736
58.054845995893224,0.10274374062133905,0.9023581816025736
58.05624229979466,0.10274374062133905,0.9023581816025736
58.08624229979466,0.10274374062133905,0.9023581816025736
58.0876796714579,0.10274374062133905,0.9023581816025736
58.09065708418891,0.10274374062133905,0.9023581816025736
58.14911704312116,0.10274374062133905,0.9023581816025736
58.15365503080083,0.10338493988955284,0.9017797756534159
58.18053388090349,0.10338493988955284,0.9017797756534159
58.18338809034907,0.10338493988955284,0.9017797756534159
58.24917864476386,0.10338493988955284,0.9017797756534159
58.249240246406565,0.10338493988955284,0.9017797756534159
58.25199178644764,0.10338493988955284,0.9017797756534159
58.25484599589323,0.10402894773295449,0.90119920936956
58.286242299794665,0.10402894773295449,0.90119920936956
58.31199178644764,0.10402894773295449,0.90119920936956
58.316242299794666,0.10402894773295449,0.90119920936956
58.316468172484605,0.10402894773295449,0.90119920936956
58.34624229979467,0.10402894773295449,0.90119920936956
58.38053388090349,0.10402894773295449,0.90119920936956
58.38624229979466,0.10402894773295449,0.90119920936956
58.41624229979466,0.10402894773295449,0.90119920936956
58.47913757700205,0.10402894773295449,0.90119920936956
58.51624229979467,0.10402894773295449,0.90119920936956
58.546242299794656,0.10402894773295449,0.90119920936956
58.5805544147844,0.10402894773295449,0.90119920936956
58.58355236139631,0.10402894773295449,0.90119920936956
58.673572895277204,0.10402894773295449,0.90119920936956
58.67599589322382,0.10402894773295449,0.90119920936956
58.70624229979467,0.10402894773295449,0.90119920936956
58.706632443531824,0.10402894773295449,0.90119920936956
58.71386036960986,0.10402894773295449,0.90119920936956
58.742073921971254,0.10402894773295449,0.90119920936956
58.74624229979466,0.10402894773295449,0.90119920936956
58.771991786447636,0.10402894773295449,0.90119920936956
58.776283367556474,0.10402894773295449,0.90119920936956
58.779240246406566,0.10402894773295449,0.90119920936956
58.7805338809035,0.10402894773295449,0.90119920936956
58.80624229979466,0.10402894773295449,0.90119920936956
58.81338809034908,0.10402894773295449,0.90119920936956
58.87624229979467,0.10402894773295449,0.90119920936956
58.876303901437375,0.10402894773295449,0.90119920936956
58.87919917864476,0.10402894773295449,0.90119920936956
58.93624229979466,0.10402894773295449,0.90119920936956
58.93776180698153,0.10469463281915607,0.9005994941290781
58.943388090349075,0.10469463281915607,0.9005994941290781
58.97624229979466,0.10469463281915607,0.9005994941290781
59.006242299794664,0.10469463281915607,0.9005994941290781
59.009301848049276,0.10469463281915607,0.9005994941290781
59.04338809034907,0.10469463281915607,0.9005994941290781
59.07624229979466,0.10469463281915607,0.9005994941290781
59.10203285420945,0.10469463281915607,0.9005994941290781
59.10913757700206,0.10469463281915607,0.9005994941290781
59.13636550308009,0.10469463281915607,0.9005994941290781
59.140636550308,0.10469463281915607,0.9005994941290781
59.1423819301848,0.10469463281915607,0.9005994941290781
59.16624229979466,0.10469463281915607,0.9005994941290781
59.17338809034908,0.10469463281915607,0.9005994941290781
59.17482546201232,0.10469463281915607,0.9005994941290781
59.20213552361397,0.10469463281915607,0.9005994941290781
59.20342915811088,0.10469463281915607,0.9005994941290781
59.26624229979467,0.10469463281915607,0.9005994941290781
59.26640657084189,0.10469463281915607,0.9005994941290781
59.27053388090349,0.10469463281915607,0.9005994941290781
59.29911704312114,0.10469463281915607,0.9005994941290781
59.30482546201232,0.10469463281915607,0.9005994941290781
59.30636550308007,0.10469463281915607,0.9005994941290781
59.33199178644764,0.10469463281915607,0.9005994941290781
59.333388090349075,0.10469463281915607,0.9005994941290781
59.33540041067761,0.10469463281915607,0.9005994941290781
59.3628952772074,0.10469463281915607,0.9005994941290781
59.363388090349076,0.10469463281915607,0.9005994941290781
59.396242299794665,0.10469463281915607,0.9005994941290781
59.43778234086242,0.10469463281915607,0.9005994941290781
59.46624229979466,0.10469463281915607,0.9005994941290781
59.494928131416835,0.10469463281915607,0.9005994941290781
59.52926078028747,0.10469463281915607,0.9005994941290781
59.536242299794665,0.10469463281915607,0.9005994941290781
59.53626283367557,0.10469463281915607,0.9005994941290781
59.56482546201232,0.10469463281915607,0.9005994941290781
59.59936344969199,0.10469463281915607,0.9005994941290781
59.62624229979467,0.10469463281915607,0.9005994941290781
59.62632443531827,0.10469463281915607,0.9005994941290781
59.62770020533881,0.10469463281915607,0.9005994941290781
59.63351129363449,0.10469463281915607,0.9005994941290781
59.63357289527721,0.10469463281915607,0.9005994941290781
59.65934291581109,0.10538982852643033,0.8999736188049126
59.66047227926078,0.10538982852643033,0.8999736188049126
59.66197125256673,0.10538982852643033,0.8999736188049126
59.66482546201232,0.10538982852643033,0.8999736188049126
59.66624229979466,0.10538982852643033,0.8999736188049126
59.724845995893226,0.10538982852643033,0.8999736188049126
59.729301848049275,0.10538982852643033,0.8999736188049126
59.75784394250513,0.10538982852643033,0.8999736188049126
59.76624229979467,0.10538982852643033,0.8999736188049126
59.76646817248459,0.10538982852643033,0.8999736188049126
59.796242299794656,0.10538982852643033,0.8999736188049126
59.82624229979466,0.10609164379159376,0.8993422251677531
59.82921971252567,0.10609164379159376,0.8993422251677531
59.85624229979466,0.10609164379159376,0.8993422251677531
59.86482546201232,0.10609164379159376,0.8993422251677531
59.889199178644766,0.10609164379159376,0.8993422251677531
59.92338809034908,0.10609164379159376,0.8993422251677531
59.926242299794666,0.10609164379159376,0.8993422251677531
59.92926078028748,0.10609164379159376,0.8993422251677531
59.954907597535936,0.10609164379159376,0.8993422251677531
59.99482546201233,0.10609164379159376,0.8993422251677531
59.996570841889124,0.10609164379159376,0.8993422251677531
60.02624229979466,0.10680163068646176,0.8987039305910876
60.0876796714579,0.10680163068646176,0.8987039305910876
60.08776180698152,0.10680163068646176,0.8987039305910876
60.08917864476386,0.10680163068646176,0.8987039305910876
60.156242299794656,0.10680163068646176,0.8987039305910876
60.1593839835729,0.10680163068646176,0.8987039305910876
60.18624229979466,0.10680163068646176,0.8987039305910876
60.192525667351134,0.10680163068646176,0.8987039305910876
60.22624229979466,0.10680163068646176,0.8987039305910876
60.226447638603695,0.10680163068646176,0.8987039305910876
60.256242299794664,0.10680163068646176,0.8987039305910876
60.286242299794665,0.10680163068646176,0.8987039305910876
60.28770020533881,0.10680163068646176,0.8987039305910876
60.317720739219716,0.10680163068646176,0.8987039305910876
60.35632443531827,0.10680163068646176,0.8987039305910876
60.386303901437365,0.10680163068646176,0.8987039305910876
60.41537987679671,0.10680163068646176,0.8987039305910876
60.41624229979466,0.10680163068646176,0.8987039305910876
60.450595482546206,0.10680163068646176,0.8987039305910876
60.45624229979467,0.10680163068646176,0.8987039305910876
60.48624229979467,0.10680163068646176,0.8987039305910876
60.48911704312114,0.10680163068646176,0.8987039305910876
60.51796714579056,0.10680163068646176,0.8987039305910876
60.519137577002056,0.10680163068646176,0.8987039305910876
60.54784394250514,0.10680163068646176,0.8987039305910876
60.55199178644764,0.10680163068646176,0.8987039305910876
60.553634496919926,0.10680163068646176,0.8987039305910876
60.61624229979466,0.10680163068646176,0.8987039305910876
60.646242299794665,0.10680163068646176,0.8987039305910876
60.6476796714579,0.10680163068646176,0.8987039305910876
60.647720739219714,0.10680163068646176,0.8987039305910876
60.6494045174538,0.10753526385448119,0.8980448533693921
60.67919917864476,0.10753526385448119,0.8980448533693921
60.68482546201233,0.10753526385448119,0.8980448533693921
60.68624229979466,0.10753526385448119,0.8980448533693921
60.74778234086242,0.10753526385448119,0.8980448533693921
60.77624229979466,0.10753526385448119,0.8980448533693921
60.84199178644764,0.10753526385448119,0.8980448533693921
60.87911704312114,0.10753526385448119,0.8980448533693921
60.944455852156054,0.10753526385448119,0.8980448533693921
60.94624229979466,0.10753526385448119,0.8980448533693921
60.97911704312116,0.10753526385448119,0.8980448533693921
60.981991786447644,0.10753526385448119,0.8980448533693921
60.98211498973306,0.10753526385448119,0.8980448533693921
61.006242299794664,0.10753526385448119,0.8980448533693921
61.03924024640657,0.10753526385448119,0.8980448533693921
61.046242299794656,0.10753526385448119,0.8980448533693921
61.10624229979466,0.10753526385448119,0.8980448533693921
61.10926078028747,0.10753526385448119,0.8980448533693921
61.11227926078029,0.10753526385448119,0.8980448533693921
61.171971252566735,0.10753526385448119,0.8980448533693921
61.20624229979467,0.10753526385448119,0.8980448533693921
61.20626283367556,0.10753526385448119,0.8980448533693921
61.237679671457904,0.10753526385448119,0.8980448533693921
61.26915811088296,0.10753526385448119,0.8980448533693921
61.26921971252567,0.10753526385448119,0.8980448533693921
61.27490759753593,0.10753526385448119,0.8980448533693921
61.30624229979466,0.10753526385448119,0.8980448533693921
61.37624229979467,0.10753526385448119,0.8980448533693921
61.40347022587269,0.10753526385448119,0.8980448533693921
61.403921971252565,0.10753526385448119,0.8980448533693921
61.406242299794656,0.10753526385448119,0.8980448533693921
61.407679671457906,0.10753526385448119,0.8980448533693921
61.46624229979466,0.10753526385448119,0.8980448533693921
61.47199178644764,0.10753526385448119,0.8980448533693921
61.50086242299794,0.10753526385448119,0.8980448533693921
61.536242299794665,0.10753526385448119,0.8980448533693921
61.56484599589323,0.10753526385448119,0.8980448533693921
61.566242299794666,0.10753526385448119,0.8980448533693921
61.597679671457904,0.10753526385448119,0.8980448533693921
61.5977207392197,0.10753526385448119,0.8980448533693921
61.60624229979466,0.10753526385448119,0.8980448533693921
61.63624229979466,0.10753526385448119,0.8980448533693921
61.63767967145791,0.10753526385448119,0.8980448533693921
61.66340862422998,0.10753526385448119,0.8980448533693921
61.69624229979466,0.10753526385448119,0.8980448533693921
61.73624229979467,0.10753526385448119,0.8980448533693921
61.76624229979467,0.10753526385448119,0.8980448533693921
61.79911704312114,0.10753526385448119,0.8980448533693921
61.82767967145791,0.10753526385448119,0.8980448533693921
61.86624229979466,0.10753526385448119,0.8980448533693921
61.89915811088296,0.10753526385448119,0.8980448533693921
61.90197125256674,0.10753526385448119,0.8980448533693921
61.93347022587269,0.10753526385448119,0.8980448533693921
61.93482546201233,0.10753526385448119,0.8980448533693921
61.959219712525666,0.10753526385448119,0.8980448533693921
61.95989733059548,0.10753526385448119,0.8980448533693921
61.96207392197125,0.10753526385448119,0.8980448533693921
61.96624229979466,0.10753526385448119,0.8980448533693921
62.06505133470226,0.10753526385448119,0.8980448533693921
62.0905749486653,0.10753526385448119,0.8980448533693921
62.09624229979467,0.10753526385448119,0.8980448533693921
62.12624229979467,0.10832116476561301,0.897339356362574
62.162217659137575,0.10832116476561301,0.897339356362574
62.18911704312114,0.10832116476561301,0.897339356362574
62.189158110882964,0.10910859681178638,0.8966330407213627
62.254948665297746,0.10910859681178638,0.8966330407213627
62.263696098562626,0.10910859681178638,0.8966330407213627
62.28786447638604,0.10910859681178638,0.8966330407213627
62.292114989733065,0.10910859681178638,0.8966330407213627
62.296242299794656,0.10910859681178638,0.8966330407213627
62.32484599589322,0.10910859681178638,0.8966330407213627
62.32624229979466,0.10910859681178638,0.8966330407213627
62.35624229979466,0.10910859681178638,0.8966330407213627
62.38624229979466,0.10910859681178638,0.8966330407213627
62.426242299794666,0.10910859681178638,0.8966330407213627
62.42632443531828,0.10910859681178638,0.8966330407213627
62.4276796714579,0.10910859681178638,0.8966330407213627
62.42774127310061,0.10910859681178638,0.8966330407213627
62.45624229979467,0.10910859681178638,0.8966330407213627
62.45652977412731,0.10910859681178638,0.8966330407213627
62.48624229979467,0.10991636265867565,0.895909063615231
62.52338809034907,0.11072513419241531,0.8951847708009455
62.52624229979466,0.11153425717181102,0.89446074918285
62.55063655030801,0.11153425717181102,0.89446074918285
62.55624229979466,0.11153425717181102,0.89446074918285
62.589117043121156,0.11153425717181102,0.89446074918285
62.61913757700205,0.11153425717181102,0.89446074918285
62.656242299794656,0.11153425717181102,0.89446074918285
62.68484599589322,0.11153425717181102,0.89446074918285
62.68624229979466,0.11153425717181102,0.89446074918285
62.686344969199176,0.11153425717181102,0.89446074918285
62.74767967145791,0.11153425717181102,0.89446074918285
62.75201232032855,0.11153425717181102,0.89446074918285
62.756242299794664,0.11153425717181102,0.89446074918285
62.7876796714579,0.11153425717181102,0.89446074918285
62.78776180698152,0.11153425717181102,0.89446074918285
62.8176796714579,0.11153425717181102,0.89446074918285
62.84624229979467,0.11153425717181102,0.89446074918285
62.84774127310061,0.11153425717181102,0.89446074918285
62.88053388090349,0.11153425717181102,0.89446074918285
62.914969199178636,0.11153425717181102,0.89446074918285
62.919158110882954,0.11153425717181102,0.89446074918285
62.94624229979466,0.11153425717181102,0.89446074918285
62.947700205338805,0.11153425717181102,0.89446074918285
62.95338809034908,0.11153425717181102,0.89446074918285
63.046242299794656,0.11153425717181102,0.89446074918285
63.047720739219706,0.11153425717181102,0.89446074918285
63.04786447638603,0.11153425717181102,0.89446074918285
63.05197125256673,0.11153425717181102,0.89446074918285
63.1111293634497,0.11238127221425312,0.8937034482413388
63.176242299794666,0.11238127221425312,0.8937034482413388
63.21624229979466,0.11238127221425312,0.8937034482413388
63.21628336755647,0.11238127221425312,0.8937034482413388
63.24347022587269,0.11238127221425312,0.8937034482413388
63.24624229979466,0.11238127221425312,0.8937034482413388
63.24767967145791,0.11323202924897649,0.8929434470797982
63.24776180698153,0.11323202924897649,0.8929434470797982
63.27357289527721,0.11323202924897649,0.8929434470797982
63.274825462012316,0.11323202924897649,0.8929434470797982
63.27624229979466,0.11323202924897649,0.8929434470797982
63.282176591375766,0.11323202924897649,0.8929434470797982
63.30624229979466,0.11323202924897649,0.8929434470797982
63.309117043121155,0.11323202924897649,0.8929434470797982
63.406242299794656,0.11323202924897649,0.8929434470797982
63.40626283367556,0.11323202924897649,0.8929434470797982
63.41094455852156,0.11323202924897649,0.8929434470797982
63.43767967145791,0.11323202924897649,0.8929434470797982
63.44624229979466,0.11323202924897649,0.8929434470797982
63.506242299794664,0.11409761544841801,0.892170861972865
63.512032854209444,0.11409761544841801,0.892170861972865
63.536242299794665,0.11409761544841801,0.892170861972865
63.53926078028748,0.11409761544841801,0.892170861972865
63.544866529774126,0.11409761544841801,0.892170861972865
63.57207392197125,0.11409761544841801,0.892170861972865
63.57624229979466,0.11409761544841801,0.892170861972865
63.6405338809035,0.11409761544841801,0.892170861972865
63.7005749486653,0.11409761544841801,0.892170861972865
63.70205338809035,0.11409761544841801,0.892170861972865
63.70338809034908,0.11409761544841801,0.892170861972865
63.70913757700205,0.11409761544841801,0.892170861972865
63.73340862422997,0.11497438692888573,0.8913889748236478
63.73774127310061,0.11497438692888573,0.8913889748236478
63.74053388090349,0.11497438692888573,0.8913889748236478
63.770657084188905,0.11497438692888573,0.8913889748236478
63.80340862422998,0.11497438692888573,0.8913889748236478
63.832094455852165,0.11497438692888573,0.8913889748236478
63.896488706365496,0.11497438692888573,0.8913889748236478
63.906242299794656,0.11497438692888573,0.8913889748236478
63.93624229979466,0.11497438692888573,0.8913889748236478
63.96624229979466,0.11497438692888573,0.8913889748236478
63.970574948665295,0.11497438692888573,0.8913889748236478
64.00482546201232,0.11497438692888573,0.8913889748236478
64.00484599589322,0.11497438692888573,0.8913889748236478
64.03197125256673,0.11497438692888573,0.8913889748236478
64.03347022587269,0.11497438692888573,0.8913889748236478
64.03394250513347,0.11497438692888573,0.8913889748236478
64.03624229979467,0.11497438692888573,0.8913889748236478
64.09624229979467,0.11497438692888573,0.8913889748236478
64.13057494866528,0.11497438692888573,0.8913889748236478
64.13624229979466,0.11497438692888573,0.8913889748236478
64.19626283367556,0.11497438692888573,0.8913889748236478
64.19638603696099,0.11497438692888573,0.8913889748236478
64.22624229979466,0.11497438692888573,0.8913889748236478
64.22630390143738,0.11587324710329779,0.890588100765089
64.29784394250514,0.11587324710329779,0.890588100765089
64.29913757700206,0.11587324710329779,0.890588100765089
64.32482546201233,0.11587324710329779,0.890588100765089
64.32624229979466,0.11587324710329779,0.890588100765089
64.3305544147844,0.11587324710329779,0.890588100765089
64.39525667351128,0.11587324710329779,0.890588100765089
64.39624229979466,0.11587324710329779,0.890588100765089
64.39776180698152,0.11587324710329779,0.890588100765089
64.42344969199179,0.11587324710329779,0.890588100765089
64.42624229979467,0.11587324710329779,0.890588100765089
64.45624229979467,0.11678633539048472,0.8897752863437085
64.46071868583162,0.11678633539048472,0.8897752863437085
64.46197125256674,0.11678633539048472,0.8897752863437085
64.46340862422998,0.11678633539048472,0.8897752863437085
64.49624229979466,0.11678633539048472,0.8897752863437085
64.52357289527721,0.11678633539048472,0.8897752863437085
64.52501026694046,0.11678633539048472,0.8897752863437085
64.52624229979466,0.11678633539048472,0.8897752863437085
64.55624229979466,0.11771481531027447,0.8889495312650397
64.56349075975359,0.11771481531027447,0.8889495312650397
64.62503080082135,0.11771481531027447,0.8889495312650397
64.62624229979467,0.11771481531027447,0.8889495312650397
64.65484599589323,0.11771481531027447,0.8889495312650397
64.66065708418891,0.11771481531027447,0.8889495312650397
64.68624229979466,0.11771481531027447,0.8889495312650397
64.72624229979466,0.11771481531027447,0.8889495312650397
64.75624229979466,0.11771481531027447,0.8889495312650397
64.78496919917865,0.11771481531027447,0.8889495312650397
64.78626283367556,0.11771481531027447,0.8889495312650397
64.82340862422998,0.11771481531027447,0.8889495312650397
64.82624229979466,0.11771481531027447,0.8889495312650397
64.85624229979466,0.11771481531027447,0.8889495312650397
64.88482546201233,0.11771481531027447,0.8889495312650397
64.91624229979466,0.11771481531027447,0.8889495312650397
64.91628336755647,0.11771481531027447,0.8889495312650397
64.92197125256673,0.11771481531027447,0.8889495312650397
64.98626283367555,0.11771481531027447,0.8889495312650397
65.04913757700206,0.11771481531027447,0.8889495312650397
65.05624229979466,0.11771481531027447,0.8889495312650397
65.08342915811087,0.11771481531027447,0.8889495312650397
65.11624229979466,0.11771481531027447,0.8889495312650397
65.11911704312115,0.11771481531027447,0.8889495312650397
65.12197125256674,0.11771481531027447,0.8889495312650397
65.14624229979466,0.11771481531027447,0.8889495312650397
65.18624229979466,0.11771481531027447,0.8889495312650397
65.18630390143738,0.11771481531027447,0.8889495312650397
65.21482546201233,0.11771481531027447,0.8889495312650397
65.24630390143737,0.11771481531027447,0.8889495312650397
65.25053388090349,0.11771481531027447,0.8889495312650397
65.27778234086242,0.11771481531027447,0.8889495312650397
65.3105954825462,0.11771481531027447,0.8889495312650397
65.34205338809035,0.11771481531027447,0.8889495312650397
65.34486652977412,0.11771481531027447,0.8889495312650397
65.34917864476387,0.11771481531027447,0.8889495312650397
65.40917864476386,0.11771481531027447,0.8889495312650397
65.41338809034907,0.11771481531027447,0.8889495312650397
65.41624229979466,0.11771481531027447,0.8889495312650397
65.44199178644764,0.11771481531027447,0.8889495312650397
65.44624229979466,0.11771481531027447,0.8889495312650397
65.47624229979466,0.11771481531027447,0.8889495312650397
65.54197125256674,0.11771481531027447,0.8889495312650397
65.57624229979466,0.11771481531027447,0.8889495312650397
65.61203285420945,0.11771481531027447,0.8889495312650397
65.64338809034908,0.11771481531027447,0.8889495312650397
65.70624229979467,0.11771481531027447,0.8889495312650397
65.73767967145791,0.11771481531027447,0.8889495312650397
65.80630390143737,0.11771481531027447,0.8889495312650397
65.83774127310062,0.11771481531027447,0.8889495312650397
65.86919917864476,0.11771481531027447,0.8889495312650397
65.87624229979467,0.11771481531027447,0.8889495312650397
65.90215605749486,0.11771481531027447,0.8889495312650397
65.90490759753594,0.11771481531027447,0.8889495312650397
65.90624229979466,0.11771481531027447,0.8889495312650397
65.90774127310061,0.11771481531027447,0.8889495312650397
65.93484599589321,0.11771481531027447,0.8889495312650397
65.93624229979466,0.11771481531027447,0.8889495312650397
65.97367556468173,0.11771481531027447,0.8889495312650397
65.97624229979466,0.11771481531027447,0.8889495312650397
66.00767967145791,0.11771481531027447,0.8889495312650397
66.04073921971252,0.11771481531027447,0.8889495312650397
66.04075975359342,0.11771481531027447,0.8889495312650397
66.06624229979467,0.11771481531027447,0.8889495312650397
66.06772073921972,0.11771481531027447,0.8889495312650397
66.10486652977413,0.11771481531027447,0.8889495312650397
66.10624229979466,0.11771481531027447,0.8889495312650397
66.13624229979466,0.11771481531027447,0.8889495312650397
66.16624229979466,0.11771481531027447,0.8889495312650397
66.17057494866529,0.11771481531027447,0.8889495312650397
66.19624229979466,0.11875841654549911,0.8880223063468479
66.19772073921972,0.11980642327259271,0.887092140491159
66.19917864476386,0.11980642327259271,0.887092140491159
66.23624229979467,0.11980642327259271,0.887092140491159
66.26624229979467,0.11980642327259271,0.887092140491159
66.26626283367555,0.11980642327259271,0.887092140491159
66.26767967145791,0.11980642327259271,0.887092140491159
66.26921971252567,0.11980642327259271,0.887092140491159
66.2705544147844,0.11980642327259271,0.887092140491159
66.2964681724846,0.11980642327259271,0.887092140491159
66.33624229979466,0.12086599719943047,0.8861526985803615
66.36624229979466,0.12086599719943047,0.8861526985803615
66.42626283367555,0.12086599719943047,0.8861526985803615
66.42634496919918,0.12086599719943047,0.8861526985803615
66.43340862422998,0.12086599719943047,0.8861526985803615
66.46624229979466,0.12086599719943047,0.8861526985803615
66.50053388090349,0.12086599719943047,0.8861526985803615
66.52482546201232,0.12086599719943047,0.8861526985803615
66.52624229979466,0.12086599719943047,0.8861526985803615
66.53201232032853,0.12086599719943047,0.8861526985803615
66.56053388090349,0.12086599719943047,0.8861526985803615
66.56199178644765,0.12193650440219023,0.8852045733117956
66.56338809034908,0.12193650440219023,0.8852045733117956
66.56624229979467,0.12193650440219023,0.8852045733117956
66.59911704312114,0.12193650440219023,0.8852045733117956
66.62624229979467,0.12193650440219023,0.8852045733117956
66.66498973305954,0.12193650440219023,0.8852045733117956
66.68911704312114,0.12193650440219023,0.8852045733117956
66.72217659137577,0.12193650440219023,0.8852045733117956
66.72349075975359,0.12193650440219023,0.8852045733117956
66.72772073921972,0.12193650440219023,0.8852045733117956
66.75624229979466,0.12193650440219023,0.8852045733117956
66.75632443531828,0.12193650440219023,0.8852045733117956
66.79624229979466,0.12193650440219023,0.8852045733117956
66.82342915811088,0.12193650440219023,0.8852045733117956
66.82638603696098,0.12193650440219023,0.8852045733117956
66.85624229979466,0.12193650440219023,0.8852045733117956
66.88624229979466,0.12193650440219023,0.8852045733117956
66.92624229979467,0.12193650440219023,0.8852045733117956
66.92767967145791,0.12193650440219023,0.8852045733117956
66.985318275154,0.12193650440219023,0.8852045733117956
67.02344969199179,0.12193650440219023,0.8852045733117956
67.02624229979466,0.12193650440219023,0.8852045733117956
67.02636550308007,0.12193650440219023,0.8852045733117956
67.05624229979466,0.12193650440219023,0.8852045733117956
67.11626283367556,0.12193650440219023,0.8852045733117956
67.15624229979466,0.12193650440219023,0.8852045733117956
67.18197125256674,0.12193650440219023,0.8852045733117956
67.18347022587268,0.12193650440219023,0.8852045733117956
67.24924024640657,0.12193650440219023,0.8852045733117956
67.25088295687885,0.12193650440219023,0.8852045733117956
67.25494866529775,0.12193650440219023,0.8852045733117956
67.25624229979466,0.12193650440219023,0.8852045733117956
67.25638603696099,0.12193650440219023,0.8852045733117956
67.28626283367556,0.12193650440219023,0.8852045733117956
67.28767967145791,0.12193650440219023,0.8852045733117956
67.31624229979467,0.12193650440219023,0.8852045733117956
67.37917864476387,0.12193650440219023,0.8852045733117956
67.38394250513348,0.12193650440219023,0.8852045733117956
67.41624229979466,0.12193650440219023,0.8852045733117956
67.41782340862423,0.12193650440219023,0.8852045733117956
67.42057494866529,0.12193650440219023,0.8852045733117956
67.420636550308,0.12193650440219023,0.8852045733117956
67.44624229979466,0.12193650440219023,0.8852045733117956
67.48624229979467,0.12193650440219023,0.8852045733117956
67.57624229979466,0.12193650440219023,0.8852045733117956
67.580636550308,0.12193650440219023,0.8852045733117956
67.60911704312115,0.12193650440219023,0.8852045733117956
67.61055441478439,0.12193650440219023,0.8852045733117956
67.61624229979466,0.12193650440219023,0.8852045733117956
67.65063655030801,0.12193650440219023,0.8852045733117956
67.67624229979467,0.12193650440219023,0.8852045733117956
67.68211498973307,0.12193650440219023,0.8852045733117956
67.6834907597536,0.12193650440219023,0.8852045733117956
67.70767967145791,0.12193650440219023,0.8852045733117956
67.74338809034907,0.12193650440219023,0.8852045733117956
67.74926078028747,0.12193650440219023,0.8852045733117956
67.77938398357288,0.12193650440219023,0.8852045733117956
67.81488706365502,0.12193650440219023,0.8852045733117956
67.84053388090348,0.12193650440219023,0.8852045733117956
67.84351129363449,0.12193650440219023,0.8852045733117956
67.87484599589322,0.12193650440219023,0.8852045733117956
67.87488706365502,0.12193650440219023,0.8852045733117956
67.87624229979467,0.12311471281298242,0.8841622320064737
67.90482546201233,0.12311471281298242,0.8841622320064737
67.9105544147844,0.12311471281298242,0.8841622320064737
67.94624229979466,0.12311471281298242,0.8841622320064737
68.07067761806981,0.12311471281298242,0.8841622320064737
68.07778234086241,0.12311471281298242,0.8841622320064737
68.10634496919918,0.12311471281298242,0.8841622320064737
68.10638603696098,0.12311471281298242,0.8841622320064737
68.11053388090349,0.12311471281298242,0.8841622320064737
68.13767967145792,0.12311471281298242,0.8841622320064737
68.17624229979467,0.12311471281298242,0.8841622320064737
68.20624229979467,0.12311471281298242,0.8841622320064737
68.23624229979467,0.12311471281298242,0.8841622320064737
68.26624229979467,0.12311471281298242,0.8841622320064737
68.2665092402464,0.12311471281298242,0.8841622320064737
68.33492813141685,0.12311471281298242,0.8841622320064737
68.33624229979466,0.12311471281298242,0.8841622320064737
68.33913757700206,0.12311471281298242,0.8841622320064737
68.33946611909651,0.12311471281298242,0.8841622320064737
68.3676796714579,0.12311471281298242,0.8841622320064737
68.36924024640658,0.12311471281298242,0.8841622320064737
68.370636550308,0.12311471281298242,0.8841622320064737
68.39767967145791,0.12311471281298242,0.8841622320064737
68.40484599589323,0.12311471281298242,0.8841622320064737
68.40501026694045,0.12311471281298242,0.8841622320064737
68.53624229979467,0.12435145224625262,0.8830694296039441
68.56624229979467,0.12435145224625262,0.8830694296039441
68.59624229979467,0.12435145224625262,0.8830694296039441
68.59776180698152,0.12435145224625262,0.8830694296039441
68.6035112936345,0.12435145224625262,0.8830694296039441
68.6305544147844,0.12435145224625262,0.8830694296039441
68.63342915811089,0.12435145224625262,0.8830694296039441
68.63624229979466,0.12435145224625262,0.8830694296039441
68.63630390143737,0.12435145224625262,0.8830694296039441
68.66209445585216,0.12435145224625262,0.8830694296039441
68.72624229979466,0.12435145224625262,0.8830694296039441
68.7305544147844,0.12435145224625262,0.8830694296039441
68.73482546201232,0.12435145224625262,0.8830694296039441
68.79624229979466,0.12435145224625262,0.8830694296039441
68.8005544147844,0.12435145224625262,0.8830694296039441
68.86494866529775,0.12435145224625262,0.8830694296039441
68.89197125256673,0.12435145224625262,0.8830694296039441
68.89624229979466,0.12435145224625262,0.8830694296039441
68.93211498973307,0.12435145224625262,0.8830694296039441
68.95624229979467,0.12435145224625262,0.8830694296039441
68.95628336755647,0.12435145224625262,0.8830694296039441
68.95778234086242,0.12435145224625262,0.8830694296039441
69.02197125256673,0.12435145224625262,0.8830694296039441
69.02782340862423,0.12435145224625262,0.8830694296039441
69.05624229979466,0.12435145224625262,0.8830694296039441
69.16057494866529,0.12435145224625262,0.8830694296039441
69.18624229979466,0.12435145224625262,0.8830694296039441
69.19098562628338,0.12435145224625262,0.8830694296039441
69.22624229979466,0.12435145224625262,0.8830694296039441
69.22778234086242,0.12435145224625262,0.8830694296039441
69.2535728952772,0.12435145224625262,0.8830694296039441
69.28624229979467,0.12435145224625262,0.8830694296039441
69.31921971252567,0.12435145224625262,0.8830694296039441
69.3205954825462,0.12435145224625262,0.8830694296039441
69.3223613963039,0.12435145224625262,0.8830694296039441
69.32624229979466,0.12435145224625262,0.8830694296039441
69.38624229979466,0.12435145224625262,0.8830694296039441
69.44930184804927,0.12435145224625262,0.8830694296039441
69.45636550308008,0.12435145224625262,0.8830694296039441
69.48624229979467,0.12566488016892452,0.8819103429124847
69.48977412731006,0.12566488016892452,0.8819103429124847
69.51624229979467,0.12566488016892452,0.8819103429124847
69.52347022587269,0.12566488016892452,0.8819103429124847
69.54919917864476,0.12566488016892452,0.8819103429124847
69.55199178644764,0.12566488016892452,0.8819103429124847
69.55624229979466,0.12566488016892452,0.8819103429124847
69.58197125256673,0.12566488016892452,0.8819103429124847
69.58624229979466,0.12566488016892452,0.8819103429124847
69.61911704312115,0.12566488016892452,0.8819103429124847
69.64624229979466,0.12566488016892452,0.8819103429124847
69.65203285420945,0.12566488016892452,0.8819103429124847
69.6534496919918,0.12566488016892452,0.8819103429124847
69.68197125256674,0.12566488016892452,0.8819103429124847
69.68624229979466,0.12566488016892452,0.8819103429124847
69.74494866529774,0.12566488016892452,0.8819103429124847
69.74624229979466,0.12566488016892452,0.8819103429124847
69.75344969199179,0.12566488016892452,0.8819103429124847
69.77913757700206,0.12566488016892452,0.8819103429124847
69.78180698151951,0.12566488016892452,0.8819103429124847
69.81053388090349,0.12566488016892452,0.8819103429124847
69.81201232032853,0.12566488016892452,0.8819103429124847
69.81215605749486,0.12566488016892452,0.8819103429124847
69.81338809034908,0.12566488016892452,0.8819103429124847
69.81624229979467,0.12566488016892452,0.8819103429124847
69.84624229979467,0.12566488016892452,0.8819103429124847
69.8505544147844,0.12566488016892452,0.8819103429124847
69.87624229979467,0.12566488016892452,0.8819103429124847
69.87767967145791,0.12566488016892452,0.8819103429124847
69.88084188911705,0.12566488016892452,0.8819103429124847
69.97624229979466,0.12566488016892452,0.8819103429124847
69.9776796714579,0.12566488016892452,0.8819103429124847
69.98053388090348,0.12566488016892452,0.8819103429124847
70.01053388090348,0.12566488016892452,0.8819103429124847
70.01069815195072,0.12566488016892452,0.8819103429124847
70.01624229979467,0.12566488016892452,0.8819103429124847
70.04624229979466,0.12566488016892452,0.8819103429124847
70.07624229979466,0.12566488016892452,0.8819103429124847
70.08053388090349,0.12566488016892452,0.8819103429124847
70.11338809034908,0.12566488016892452,0.8819103429124847
70.17211498973306,0.12566488016892452,0.8819103429124847
70.17780287474332,0.12566488016892452,0.8819103429124847
70.20624229979467,0.12566488016892452,0.8819103429124847
70.21053388090348,0.12566488016892452,0.8819103429124847
70.27197125256673,0.12566488016892452,0.8819103429124847
70.27624229979466,0.12566488016892452,0.8819103429124847
70.30624229979466,0.12566488016892452,0.8819103429124847
70.37624229979467,0.12566488016892452,0.8819103429124847
70.43624229979466,0.12566488016892452,0.8819103429124847
70.44347022587269,0.12566488016892452,0.8819103429124847
70.47492813141685,0.12566488016892452,0.8819103429124847
70.56624229979467,0.12566488016892452,0.8819103429124847
70.60053388090348,0.12566488016892452,0.8819103429124847
70.60365503080082,0.12566488016892452,0.8819103429124847
70.60624229979466,0.12566488016892452,0.8819103429124847
70.63624229979466,0.12566488016892452,0.8819103429124847
70.640636550308,0.12566488016892452,0.8819103429124847
70.66624229979466,0.12566488016892452,0.8819103429124847
70.66911704312115,0.12566488016892452,0.8819103429124847
70.70053388090349,0.12566488016892452,0.8819103429124847
70.70100616016427,0.12566488016892452,0.8819103429124847
70.70203285420945,0.12566488016892452,0.8819103429124847
70.70624229979467,0.12566488016892452,0.8819103429124847
70.73490759753594,0.12566488016892452,0.8819103429124847
70.76340862422998,0.12566488016892452,0.8819103429124847
70.76490759753594,0.12566488016892452,0.8819103429124847
70.76767967145791,0.12566488016892452,0.8819103429124847
70.83338809034908,0.12566488016892452,0.8819103429124847
70.83624229979466,0.12566488016892452,0.8819103429124847
70.89624229979466,0.12566488016892452,0.8819103429124847
70.89915811088295,0.12566488016892452,0.8819103429124847
70.96340862422998,0.12566488016892452,0.8819103429124847
70.96624229979466,0.1271556458611804,0.8805966007138274
70.96648870636551,0.1271556458611804,0.8805966007138274
70.96928131416838,0.1271556458611804,0.8805966007138274
70.99624229979466,0.1271556458611804,0.8805966007138274
71.02624229979466,0.1271556458611804,0.8805966007138274
71.09498973305955,0.1271556458611804,0.8805966007138274
71.09624229979467,0.1271556458611804,0.8805966007138274
71.0964887063655,0.1271556458611804,0.8805966007138274
71.1005749486653,0.1271556458611804,0.8805966007138274
71.1005954825462,0.1271556458611804,0.8805966007138274
71.12626283367555,0.1271556458611804,0.8805966007138274
71.19482546201232,0.1271556458611804,0.8805966007138274
71.19632443531827,0.1271556458611804,0.8805966007138274
71.22486652977413,0.1271556458611804,0.8805966007138274
71.23209445585215,0.1271556458611804,0.8805966007138274
71.26375770020533,0.1271556458611804,0.8805966007138274
71.29624229979466,0.1271556458611804,0.8805966007138274
71.32484599589321,0.1271556458611804,0.8805966007138274
71.32624229979466,0.1271556458611804,0.8805966007138274
71.32650924024641,0.1271556458611804,0.8805966007138274
71.32778234086241,0.1271556458611804,0.8805966007138274
71.36347022587269,0.1271556458611804,0.8805966007138274
71.39624229979466,0.1271556458611804,0.8805966007138274
71.48624229979467,0.1271556458611804,0.8805966007138274
71.55624229979466,0.1271556458611804,0.8805966007138274
71.55718685831621,0.1271556458611804,0.8805966007138274
71.55911704312115,0.1271556458611804,0.8805966007138274
71.58624229979466,0.1271556458611804,0.8805966007138274
71.59053388090348,0.1271556458611804,0.8805966007138274
71.59057494866529,0.1271556458611804,0.8805966007138274
71.5935523613963,0.1271556458611804,0.8805966007138274
71.65626283367556,0.1271556458611804,0.8805966007138274
71.68624229979466,0.1271556458611804,0.8805966007138274
71.71630390143737,0.1271556458611804,0.8805966007138274
71.75624229979466,0.1271556458611804,0.8805966007138274
71.82207392197125,0.12877583247547902,0.8791710250499033
71.82342915811088,0.1303988849093189,0.877745241751456
71.85217659137578,0.1303988849093189,0.877745241751456
71.85624229979466,0.1303988849093189,0.877745241751456
71.88624229979466,0.1303988849093189,0.877745241751456
71.91915811088295,0.1303988849093189,0.877745241751456
71.92053388090349,0.1303988849093189,0.877745241751456
71.94624229979466,0.1303988849093189,0.877745241751456
71.98624229979467,0.1303988849093189,0.877745241751456
72.01494866529774,0.1303988849093189,0.877745241751456
72.01798767967146,0.1303988849093189,0.877745241751456
72.04624229979466,0.1303988849093189,0.877745241751456
72.08342915811087,0.1303988849093189,0.877745241751456
72.08344969199179,0.1303988849093189,0.877745241751456
72.08624229979466,0.1303988849093189,0.877745241751456
72.14351129363449,0.1303988849093189,0.877745241751456
72.14624229979466,0.13207874744571602,0.8762719881815287
72.14767967145791,0.13207874744571602,0.8762719881815287
72.17624229979467,0.13207874744571602,0.8762719881815287
72.21624229979466,0.13207874744571602,0.8762719881815287
72.21774127310061,0.13207874744571602,0.8762719881815287
72.24338809034907,0.13207874744571602,0.8762719881815287
72.24626283367556,0.13207874744571602,0.8762719881815287
72.27482546201232,0.13207874744571602,0.8762719881815287
72.27624229979466,0.13207874744571602,0.8762719881815287
72.27767967145792,0.13207874744571602,0.8762719881815287
72.31053388090349,0.13379647975057873,0.8747680795056276
72.31199178644765,0.13379647975057873,0.8747680795056276
72.31338809034908,0.13379647975057873,0.8747680795056276
72.31342915811088,0.13379647975057873,0.8747680795056276
72.31624229979467,0.13379647975057873,0.8747680795056276
72.34624229979467,0.13379647975057873,0.8747680795056276
72.34767967145791,0.13379647975057873,0.8747680795056276
72.37624229979467,0.13379647975057873,0.8747680795056276
72.40624229979466,0.13379647975057873,0.8747680795056276
72.4476796714579,0.13379647975057873,0.8747680795056276
72.47928131416839,0.13379647975057873,0.8747680795056276
72.48053388090348,0.13379647975057873,0.8747680795056276
72.50624229979466,0.13379647975057873,0.8747680795056276
72.50628336755646,0.13379647975057873,0.8747680795056276
72.53911704312115,0.13379647975057873,0.8747680795056276
72.54197125256674,0.13379647975057873,0.8747680795056276
72.5435112936345,0.13379647975057873,0.8747680795056276
72.54482546201233,0.13379647975057873,0.8747680795056276
72.54492813141684,0.13379647975057873,0.8747680795056276
72.60624229979466,0.13379647975057873,0.8747680795056276
72.63624229979466,0.13379647975057873,0.8747680795056276
72.63644763860368,0.13379647975057873,0.8747680795056276
72.64197125256673,0.13379647975057873,0.8747680795056276
72.6735523613963,0.13379647975057873,0.8747680795056276
72.67624229979467,0.13379647975057873,0.8747680795056276
72.73486652977412,0.13379647975057873,0.8747680795056276
72.73919917864475,0.13379647975057873,0.8747680795056276
72.74209445585215,0.13379647975057873,0.8747680795056276
72.74363449691992,0.13379647975057873,0.8747680795056276
72.77363449691993,0.13379647975057873,0.8747680795056276
72.77624229979466,0.13379647975057873,0.8747680795056276
72.80624229979466,0.1356386609339581,0.8731580816189591
72.83624229979466,0.1356386609339581,0.8731580816189591
72.87053388090348,0.1356386609339581,0.8731580816189591
72.93624229979466,0.1356386609339581,0.8731580816189591
72.93774127310061,0.1356386609339581,0.8731580816189591
72.96624229979466,0.1356386609339581,0.8731580816189591
73.03088295687886,0.1356386609339581,0.8731580816189591
73.03624229979467,0.1356386609339581,0.8731580816189591
73.03642710472279,0.1356386609339581,0.8731580816189591
73.06624229979467,0.1356386609339581,0.8731580816189591
73.0664887063655,0.1356386609339581,0.8731580816189591
73.0705544147844,0.1356386609339581,0.8731580816189591
73.13624229979466,0.1356386609339581,0.8731580816189591
73.16624229979466,0.1356386609339581,0.8731580816189591
73.17071868583162,0.1356386609339581,0.8731580816189591
73.23201232032854,0.1356386609339581,0.8731580816189591
73.29490759753594,0.1356386609339581,0.8731580816189591
73.29624229979466,0.1356386609339581,0.8731580816189591
73.3005544147844,0.1356386609339581,0.8731580816189591
73.32932238193018,0.1356386609339581,0.8731580816189591
73.33488706365502,0.1356386609339581,0.8731580816189591
73.36340862422999,0.1356386609339581,0.8731580816189591
73.36624229979466,0.1356386609339581,0.8731580816189591
73.3964887063655,0.1356386609339581,0.8731580816189591
73.45778234086242,0.1356386609339581,0.8731580816189591
73.46636550308008,0.1356386609339581,0.8731580816189591
73.49488706365503,0.1356386609339581,0.8731580816189591
73.49624229979466,0.1356386609339581,0.8731580816189591
73.55624229979466,0.1356386609339581,0.8731580816189591
73.62482546201232,0.1356386609339581,0.8731580816189591
73.62624229979467,0.1356386609339581,0.8731580816189591
73.65624229979466,0.1356386609339581,0.8731580816189591
73.66090349075975,0.1356386609339581,0.8731580816189591
73.69624229979466,0.1356386609339581,0.8731580816189591
73.72624229979466,0.1356386609339581,0.8731580816189591
73.75767967145791,0.1356386609339581,0.8731580816189591
73.76065708418892,0.1356386609339581,0.8731580816189591
73.82201232032854,0.1356386609339581,0.8731580816189591
73.823716632443535,0.1356386609339581,0.8731580816189591
73.82767967145791,0.1356386609339581,0.8731580816189591
73.88624229979466,0.1356386609339581,0.8731580816189591
73.88924024640657,0.1356386609339581,0.8731580816189591
73.91915811088295,0.1356386609339581,0.8731580816189591
73.92484599589322,0.1356386609339581,0.8731580816189591
73.98624229979467,0.1356386609339581,0.8731580816189591
74.08344969199179,0.1356386609339581,0.8731580816189591
74.120636550308,0.1356386609339581,0.8731580816189591
74.18624229979466,0.1356386609339581,0.8731580816189591
74.25197125256673,0.1356386609339581,0.8731580816189591
74.34624229979467,0.1356386609339581,0.8731580816189591
74.35201232032854,0.1356386609339581,0.8731580816189591
74.37917864476387,0.1356386609339581,0.8731580816189591
74.38482546201233,0.1356386609339581,0.8731580816189591
74.38488706365503,0.1356386609339581,0.8731580816189591
74.38624229979466,0.1356386609339581,0.8731580816189591
74.41053388090349,0.1356386609339581,0.8731580816189591
74.41338809034907,0.1356386609339581,0.8731580816189591
74.41624229979466,0.1356386609339581,0.8731580816189591
74.41767967145792,0.1356386609339581,0.8731580816189591
74.44496919917864,0.1356386609339581,0.8731580816189591
74.51053388090348,0.1356386609339581,0.8731580816189591
74.51197125256674,0.1356386609339581,0.8731580816189591
74.51624229979467,0.1356386609339581,0.8731580816189591
74.54624229979466,0.1356386609339581,0.8731580816189591
74.54919917864476,0.1356386609339581,0.8731580816189591
74.57624229979466,0.1356386609339581,0.8731580816189591
74.64772073921972,0.1356386609339581,0.8731580816189591
74.67624229979467,0.1356386609339581,0.8731580816189591
74.71482546201233,0.1356386609339581,0.8731580816189591
74.74053388090348,0.1356386609339581,0.8731580816189591
74.74197125256673,0.1356386609339581,0.8731580816189591
74.74624229979466,0.1356386609339581,0.8731580816189591
74.77482546201232,0.1356386609339581,0.8731580816189591
74.80624229979466,0.1356386609339581,0.8731580816189591
74.8076796714579,0.1356386609339581,0.8731580816189591
74.84342915811088,0.1356386609339581,0.8731580816189591
74.87347022587268,0.1356386609339581,0.8731580816189591
74.87494866529774,0.1356386609339581,0.8731580816189591
74.87624229979467,0.1356386609339581,0.8731580816189591
74.90338809034907,0.1356386609339581,0.8731580816189591
74.93624229979466,0.1356386609339581,0.8731580816189591
74.94057494866529,0.1356386609339581,0.8731580816189591
75.03486652977413,0.1356386609339581,0.8731580816189591
75.06913757700205,0.1356386609339581,0.8731580816189591
75.07379876796715,0.1356386609339581,0.8731580816189591
75.17199178644765,0.1356386609339581,0.8731580816189591
75.17347022587269,0.1356386609339581,0.8731580816189591
75.20767967145791,0.1356386609339581,0.8731580816189591
75.20770020533881,0.1356386609339581,0.8731580816189591
75.23373716632445,0.1356386609339581,0.8731580816189591
75.23624229979467,0.1356386609339581,0.8731580816189591
75.23628336755647,0.1356386609339581,0.8731580816189591
75.23636550308008,0.1356386609339581,0.8731580816189591
75.26624229979467,0.1356386609339581,0.8731580816189591
75.26767967145791,0.1356386609339581,0.8731580816189591
75.33482546201232,0.1356386609339581,0.8731580816189591
75.40338809034907,0.1356386609339581,0.8731580816189591
75.46628336755647,0.1356386609339581,0.8731580816189591
75.46911704312114,0.1356386609339581,0.8731580816189591
75.49624229979466,0.1356386609339581,0.8731580816189591
75.49926078028747,0.1356386609339581,0.8731580816189591
75.53488706365502,0.1356386609339581,0.8731580816189591
75.53630390143738,0.1356386609339581,0.8731580816189591
75.6005544147844,0.1356386609339581,0.8731580816189591
75.60065708418891,0.1356386609339581,0.8731580816189591
75.62911704312114,0.1356386609339581,0.8731580816189591
75.62915811088295,0.1356386609339581,0.8731580816189591
75.66069815195073,0.1356386609339581,0.8731580816189591
75.69624229979466,0.1356386609339581,0.8731580816189591
75.7335523613963,0.1356386609339581,0.8731580816189591
75.85624229979466,0.1356386609339581,0.8731580816189591
75.85780287474333,0.1356386609339581,0.8731580816189591
75.86486652977413,0.1356386609339581,0.8731580816189591
75.92484599589322,0.1356386609339581,0.8731580816189591
75.93061601642711,0.1356386609339581,0.8731580816189591
75.95630390143738,0.1356386609339581,0.8731580816189591
75.98767967145791,0.13820773716415077,0.8709177509685923
76.02624229979466,0.13820773716415077,0.8709177509685923
76.0576796714579,0.13820773716415077,0.8709177509685923
76.09065708418892,0.13820773716415077,0.8709177509685923
76.12624229979467,0.13820773716415077,0.8709177509685923
76.15624229979466,0.13820773716415077,0.8709177509685923
76.15770020533881,0.13820773716415077,0.8709177509685923
76.18624229979466,0.13820773716415077,0.8709177509685923
76.1905544147844,0.13820773716415077,0.8709177509685923
76.19215605749487,0.13820773716415077,0.8709177509685923
76.22338809034908,0.13820773716415077,0.8709177509685923
76.22482546201232,0.13820773716415077,0.8709177509685923
76.28482546201232,0.13820773716415077,0.8709177509685923
76.28911704312115,0.13820773716415077,0.8709177509685923
76.28915811088295,0.13820773716415077,0.8709177509685923
76.31626283367555,0.13820773716415077,0.8709177509685923
76.31634496919918,0.13820773716415077,0.8709177509685923
76.31911704312115,0.13820773716415077,0.8709177509685923
76.35340862422998,0.13820773716415077,0.8709177509685923
76.3534907597536,0.13820773716415077,0.8709177509685923
76.38488706365503,0.13820773716415077,0.8709177509685923
76.38638603696099,0.13820773716415077,0.8709177509685923
76.41624229979466,0.13820773716415077,0.8709177509685923
76.42053388090349,0.13820773716415077,0.8709177509685923
76.45232032854209,0.13820773716415077,0.8709177509685923
76.45624229979467,0.13820773716415077,0.8709177509685923
76.48624229979467,0.13820773716415077,0.8709177509685923
76.51917864476385,0.13820773716415077,0.8709177509685923
76.54624229979466,0.13820773716415077,0.8709177509685923
76.54634496919918,0.13820773716415077,0.8709177509685923
76.58628336755646,0.13820773716415077,0.8709177509685923
76.5865092402464,0.13820773716415077,0.8709177509685923
76.61203285420945,0.13820773716415077,0.8709177509685923
76.64624229979466,0.13820773716415077,0.8709177509685923
76.64772073921972,0.13820773716415077,0.8709177509685923
76.64913757700205,0.13820773716415077,0.8709177509685923
76.65347022587268,0.13820773716415077,0.8709177509685923
76.65383983572895,0.13820773716415077,0.8709177509685923
76.68624229979466,0.13820773716415077,0.8709177509685923
76.71217659137578,0.13820773716415077,0.8709177509685923
76.71482546201233,0.13820773716415077,0.8709177509685923
76.77624229979466,0.14110982059698315,0.8683939389200273
76.78482546201232,0.14110982059698315,0.8683939389200273
76.81624229979467,0.14110982059698315,0.8683939389200273
76.8434496919918,0.14110982059698315,0.8683939389200273
76.84917864476387,0.14110982059698315,0.8683939389200273
76.87624229979467,0.14411484262414812,0.865788312947804
76.87636550308008,0.14411484262414812,0.865788312947804
76.87913757700206,0.1471724391930332,0.8631451245339077
76.87915811088295,0.1471724391930332,0.8631451245339077
76.91057494866529,0.1471724391930332,0.8631451245339077
76.91624229979466,0.1471724391930332,0.8631451245339077
76.91628336755647,0.1471724391930332,0.8631451245339077
76.94628336755646,0.1471724391930332,0.8631451245339077
77.00624229979466,0.1503382745788803,0.8604168700365151
77.04486652977413,0.1503382745788803,0.8604168700365151
77.07624229979466,0.1503382745788803,0.8604168700365151
77.10624229979466,0.1503382745788803,0.8604168700365151
77.14624229979466,0.1503382745788803,0.8604168700365151
77.17496919917865,0.1503382745788803,0.8604168700365151
77.17915811088295,0.1503382745788803,0.8604168700365151
77.23632443531827,0.1503382745788803,0.8604168700365151
77.24340862422999,0.1503382745788803,0.8604168700365151
77.26911704312114,0.1503382745788803,0.8604168700365151
77.27340862422999,0.1503382745788803,0.8604168700365151
77.27624229979466,0.1503382745788803,0.8604168700365151
77.30624229979466,0.1503382745788803,0.8604168700365151
77.33482546201232,0.1503382745788803,0.8604168700365151
77.37482546201232,0.1503382745788803,0.8604168700365151
77.40053388090348,0.1503382745788803,0.8604168700365151
77.40624229979466,0.1503382745788803,0.8604168700365151
77.43624229979466,0.1503382745788803,0.8604168700365151
77.46778234086241,0.1503382745788803,0.8604168700365151
77.47338809034908,0.1503382745788803,0.8604168700365151
77.53205338809035,0.1503382745788803,0.8604168700365151
77.57338809034907,0.1503382745788803,0.8604168700365151
77.59667351129364,0.1503382745788803,0.8604168700365151
77.66624229979466,0.1503382745788803,0.8604168700365151
77.73624229979467,0.1503382745788803,0.8604168700365151
77.76624229979467,0.1503382745788803,0.8604168700365151
77.77057494866528,0.1503382745788803,0.8604168700365151
77.79496919917865,0.1503382745788803,0.8604168700365151
77.83624229979466,0.1503382745788803,0.8604168700365151
77.89624229979466,0.1503382745788803,0.8604168700365151
77.96053388090348,0.1503382745788803,0.8604168700365151
77.96776180698153,0.1503382745788803,0.8604168700365151
77.99624229979466,0.1503382745788803,0.8604168700365151
78.02624229979466,0.1503382745788803,0.8604168700365151
78.06624229979467,0.1503382745788803,0.8604168700365151
78.09203285420945,0.1503382745788803,0.8604168700365151
78.12624229979467,0.1503382745788803,0.8604168700365151
78.15624229979466,0.1503382745788803,0.8604168700365151
78.16063655030801,0.1503382745788803,0.8604168700365151
78.19053388090349,0.1503382745788803,0.8604168700365151
78.19624229979466,0.1503382745788803,0.8604168700365151
78.230636550308,0.1503382745788803,0.8604168700365151
78.29199178644764,0.1503382745788803,0.8604168700365151
78.29338809034907,0.1503382745788803,0.8604168700365151
78.32624229979466,0.1503382745788803,0.8604168700365151
78.38624229979466,0.1503382745788803,0.8604168700365151
78.39067761806982,0.1503382745788803,0.8604168700365151
78.39197125256673,0.1503382745788803,0.8604168700365151
78.45624229979467,0.1503382745788803,0.8604168700365151
78.46069815195072,0.1503382745788803,0.8604168700365151
78.51774127310061,0.1503382745788803,0.8604168700365151
78.52211498973305,0.1503382745788803,0.8604168700365151
78.55624229979466,0.1503382745788803,0.8604168700365151
78.58624229979466,0.1503382745788803,0.8604168700365151
78.61624229979466,0.1503382745788803,0.8604168700365151
78.6176796714579,0.1503382745788803,0.8604168700365151
78.68355236139631,0.1503382745788803,0.8604168700365151
78.68624229979466,0.1503382745788803,0.8604168700365151
78.690636550308,0.1503382745788803,0.8604168700365151
78.75509240246407,0.1503382745788803,0.8604168700365151
78.81634496919918,0.1503382745788803,0.8604168700365151
78.88624229979466,0.1503382745788803,0.8604168700365151
78.91209445585216,0.1503382745788803,0.8604168700365151
78.91624229979466,0.1503382745788803,0.8604168700365151
78.95073921971253,0.1503382745788803,0.8604168700365151
78.95340862422998,0.1503382745788803,0.8604168700365151
78.9806776180698,0.1503382745788803,0.8604168700365151
78.98338809034908,0.1503382745788803,0.8604168700365151
79.01624229979467,0.1503382745788803,0.8604168700365151
79.04788501026694,0.1503382745788803,0.8604168700365151
79.07624229979466,0.1503382745788803,0.8604168700365151
79.11624229979466,0.1503382745788803,0.8604168700365151
79.20772073921972,0.1503382745788803,0.8604168700365151
79.21624229979466,0.1503382745788803,0.8604168700365151
79.24053388090348,0.1503382745788803,0.8604168700365151
79.27911704312115,0.1503382745788803,0.8604168700365151
79.30624229979466,0.1503382745788803,0.8604168700365151
79.40624229979466,0.1503382745788803,0.8604168700365151
79.40626283367556,0.1503382745788803,0.8604168700365151
79.40630390143738,0.1503382745788803,0.8604168700365151
79.406386036961,0.1503382745788803,0.8604168700365151
79.40913757700206,0.1503382745788803,0.8604168700365151
79.4105954825462,0.1503382745788803,0.8604168700365151
79.47338809034908,0.1503382745788803,0.8604168700365151
79.47624229979466,0.1503382745788803,0.8604168700365151
79.50630390143738,0.1503382745788803,0.8604168700365151
79.53911704312115,0.1503382745788803,0.8604168700365151
79.53917864476387,0.1503382745788803,0.8604168700365151
79.57626283367556,0.1503382745788803,0.8604168700365151
79.60624229979466,0.1503382745788803,0.8604168700365151
79.60659137577002,0.1503382745788803,0.8604168700365151
79.67197125256673,0.1503382745788803,0.8604168700365151
79.7364681724846,0.1503382745788803,0.8604168700365151
79.83624229979466,0.1503382745788803,0.8604168700365151
79.90624229979466,0.1503382745788803,0.8604168700365151
79.93094455852156,0.1503382745788803,0.8604168700365151
79.93624229979466,0.1503382745788803,0.8604168700365151
79.99624229979466,0.1503382745788803,0.8604168700365151
80.09770020533881,0.1503382745788803,0.8604168700365151
80.10347022587268,0.1503382745788803,0.8604168700365151
80.13624229979466,0.1503382745788803,0.8604168700365151
80.19338809034907,0.1503382745788803,0.8604168700365151
80.25913757700205,0.1503382745788803,0.8604168700365151
80.29624229979466,0.1503382745788803,0.8604168700365151
80.32624229979466,0.1503382745788803,0.8604168700365151
80.32926078028747,0.1503382745788803,0.8604168700365151
80.36624229979466,0.1503382745788803,0.8604168700365151
80.39053388090349,0.1503382745788803,0.8604168700365151
80.39490759753593,0.1503382745788803,0.8604168700365151
80.4635112936345,0.1503382745788803,0.8604168700365151
80.52624229979466,0.1503382745788803,0.8604168700365151
80.52911704312115,0.1503382745788803,0.8604168700365151
80.59053388090348,0.1503382745788803,0.8604168700365151
80.59626283367555,0.1503382745788803,0.8604168700365151
80.62767967145791,0.1503382745788803,0.8604168700365151
80.68624229979466,0.1503382745788803,0.8604168700365151
80.68778234086241,0.1503382745788803,0.8604168700365151
80.75624229979466,0.1503382745788803,0.8604168700365151
80.78488706365502,0.1503382745788803,0.8604168700365151
80.82053388090348,0.1503382745788803,0.8604168700365151
80.82626283367556,0.1503382745788803,0.8604168700365151
80.85628336755647,0.1503382745788803,0.8604168700365151
80.95634496919918,0.1503382745788803,0.8604168700365151
80.98624229979467,0.1503382745788803,0.8604168700365151
81.01624229979467,0.1503382745788803,0.8604168700365151
81.05624229979466,0.1503382745788803,0.8604168700365151
81.1177002053388,0.1503382745788803,0.8604168700365151
81.2134907597536,0.1503382745788803,0.8604168700365151
81.21624229979466,0.1503382745788803,0.8604168700365151
81.24482546201233,0.1503382745788803,0.8604168700365151
81.27915811088295,0.1503382745788803,0.8604168700365151
81.41624229979466,0.1503382745788803,0.8604168700365151
81.73632443531827,0.1503382745788803,0.8604168700365151
81.73926078028747,0.1503382745788803,0.8604168700365151
81.74624229979466,0.1503382745788803,0.8604168700365151
81.77197125256673,0.1503382745788803,0.8604168700365151
81.80624229979466,0.1503382745788803,0.8604168700365151
81.90624229979466,0.1503382745788803,0.8604168700365151
81.93624229979466,0.1503382745788803,0.8604168700365151
81.97203285420944,0.1503382745788803,0.8604168700365151
81.97624229979466,0.1503382745788803,0.8604168700365151
82.00624229979466,0.1503382745788803,0.8604168700365151
82.03492813141685,0.1503382745788803,0.8604168700365151
82.06482546201232,0.1503382745788803,0.8604168700365151
82.06624229979467,0.1503382745788803,0.8604168700365151
82.16624229979466,0.1503382745788803,0.8604168700365151
82.19624229979466,0.1503382745788803,0.8604168700365151
82.19772073921972,0.1503382745788803,0.8604168700365151
82.2634907597536,0.1503382745788803,0.8604168700365151
82.26624229979467,0.1503382745788803,0.8604168700365151
82.26911704312114,0.1503382745788803,0.8604168700365151
82.36624229979466,0.1503382745788803,0.8604168700365151
82.49338809034907,0.1503382745788803,0.8604168700365151
82.59071868583162,0.1503382745788803,0.8604168700365151
82.59624229979467,0.1503382745788803,0.8604168700365151
82.62624229979467,0.1503382745788803,0.8604168700365151
82.72624229979466,0.1503382745788803,0.8604168700365151
82.82624229979466,0.1503382745788803,0.8604168700365151
82.98624229979467,0.1503382745788803,0.8604168700365151
83.02624229979466,0.1503382745788803,0.8604168700365151
83.02628336755647,0.1503382745788803,0.8604168700365151
83.05624229979466,0.1503382745788803,0.8604168700365151
83.05659137577001,0.1503382745788803,0.8604168700365151
83.08642710472279,0.1503382745788803,0.8604168700365151
83.15624229979466,0.1503382745788803,0.8604168700365151
83.18624229979466,0.1503382745788803,0.8604168700365151
83.21624229979466,0.1503382745788803,0.8604168700365151
83.28624229979467,0.1503382745788803,0.8604168700365151
83.38767967145792,0.1503382745788803,0.8604168700365151
83.4505954825462,0.1503382745788803,0.8604168700365151
83.51240246406572,0.1503382745788803,0.8604168700365151
83.51624229979467,0.1503382745788803,0.8604168700365151
83.61624229979466,0.1503382745788803,0.8604168700365151
83.67624229979467,0.1503382745788803,0.8604168700365151
83.71624229979466,0.1503382745788803,0.8604168700365151
83.74197125256673,0.1503382745788803,0.8604168700365151
83.74624229979466,0.1503382745788803,0.8604168700365151
83.80624229979466,0.1503382745788803,0.8604168700365151
83.81053388090349,0.1503382745788803,0.8604168700365151
83.94624229979466,0.1503382745788803,0.8604168700365151
83.97053388090349,0.1503382745788803,0.8604168700365151
83.97203285420944,0.1503382745788803,0.8604168700365151
84.03624229979467,0.1503382745788803,0.8604168700365151
84.07203285420945,0.1503382745788803,0.8604168700365151
84.17055441478439,0.1503382745788803,0.8604168700365151
84.20624229979467,0.1503382745788803,0.8604168700365151
84.23624229979467,0.1503382745788803,0.8604168700365151
84.29911704312114,0.1503382745788803,0.8604168700365151
84.29913757700206,0.1503382745788803,0.8604168700365151
84.30053388090349,0.1503382745788803,0.8604168700365151
84.3377002053388,0.1503382745788803,0.8604168700365151
84.37342915811088,0.1503382745788803,0.8604168700365151
84.39928131416838,0.1503382745788803,0.8604168700365151
84.40053388090348,0.1503382745788803,0.8604168700365151
84.49624229979466,0.1503382745788803,0.8604168700365151
84.50061601642712,0.1503382745788803,0.8604168700365151
84.57061601642711,0.1503382745788803,0.8604168700365151
84.6305544147844,0.1503382745788803,0.8604168700365151
84.66624229979466,0.1503382745788803,0.8604168700365151
84.72624229979466,0.1503382745788803,0.8604168700365151
84.80061601642711,0.1503382745788803,0.8604168700365151
84.82624229979466,0.1503382745788803,0.8604168700365151
84.82767967145791,0.1503382745788803,0.8604168700365151
84.85911704312115,0.1503382745788803,0.8604168700365151
85.02932238193019,0.1503382745788803,0.8604168700365151
85.15913757700206,0.1503382745788803,0.8604168700365151
85.18624229979466,0.1503382745788803,0.8604168700365151
85.22340862422999,0.1503382745788803,0.8604168700365151
85.25486652977413,0.1503382745788803,0.8604168700365151
85.25624229979466,0.1503382745788803,0.8604168700365151
85.32624229979466,0.1503382745788803,0.8604168700365151
85.35624229979466,0.1503382745788803,0.8604168700365151
85.41624229979466,0.1503382745788803,0.8604168700365151
85.64624229979466,0.1503382745788803,0.8604168700365151
85.68624229979466,0.1503382745788803,0.8604168700365151
85.84767967145791,0.1503382745788803,0.8604168700365151
85.97915811088295,0.1503382745788803,0.8604168700365151
86.17624229979467,0.1503382745788803,0.8604168700365151
86.23767967145791,0.1503382745788803,0.8604168700365151
86.43767967145791,0.1503382745788803,0.8604168700365151
86.47624229979466,0.1503382745788803,0.8604168700365151
86.63782340862423,0.1503382745788803,0.8604168700365151
86.70488706365502,0.1503382745788803,0.8604168700365151
86.96913757700206,0.1503382745788803,0.8604168700365151
87.06624229979467,0.1503382745788803,0.8604168700365151
87.28917864476387,0.1503382745788803,0.8604168700365151
87.32197125256674,0.1503382745788803,0.8604168700365151
87.42488706365502,0.1503382745788803,0.8604168700365151
87.45911704312114,0.1503382745788803,0.8604168700365151
87.46197125256674,0.1503382745788803,0.8604168700365151
87.55482546201232,0.1503382745788803,0.8604168700365151
87.78624229979467,0.1503382745788803,0.8604168700365151
87.82340862422998,0.1503382745788803,0.8604168700365151
87.91911704312115,0.1503382745788803,0.8604168700365151
87.91917864476386,0.1503382745788803,0.8604168700365151
88.08199178644765,0.1503382745788803,0.8604168700365151
88.18338809034907,0.1503382745788803,0.8604168700365151
88.24482546201233,0.1503382745788803,0.8604168700365151
88.24624229979466,0.1503382745788803,0.8604168700365151
88.34207392197125,0.1503382745788803,0.8604168700365151
88.63767967145792,0.1503382745788803,0.8604168700365151
88.63919917864476,0.1503382745788803,0.8604168700365151
88.80624229979466,0.1503382745788803,0.8604168700365151
89.00628336755646,0.1503382745788803,0.8604168700365151
90.57624229979466,0.1503382745788803,0.8604168700365151
90.71484599589321,0.1503382745788803,0.8604168700365151
